-- phpMyAdmin SQL Dump
-- version 4.9.5
-- https://www.phpmyadmin.net/
--
-- Host: 127.0.0.1:3306
-- Generation Time: Dec 24, 2020 at 07:36 AM
-- Server version: 10.4.14-MariaDB-cll-lve
-- PHP Version: 7.2.34

SET SQL_MODE = "NO_AUTO_VALUE_ON_ZERO";
SET AUTOCOMMIT = 0;
START TRANSACTION;
SET time_zone = "+00:00";


/*!40101 SET @OLD_CHARACTER_SET_CLIENT=@@CHARACTER_SET_CLIENT */;
/*!40101 SET @OLD_CHARACTER_SET_RESULTS=@@CHARACTER_SET_RESULTS */;
/*!40101 SET @OLD_COLLATION_CONNECTION=@@COLLATION_CONNECTION */;
/*!40101 SET NAMES utf8mb4 */;

--
-- Database: `u519063907_trxdapp`
--

-- --------------------------------------------------------

--
-- Table structure for table `levels`
--

CREATE TABLE `levels` (
  `id` int(11) NOT NULL,
  `txn_id` varchar(128) NOT NULL,
  `userid` int(11) NOT NULL,
  `level` int(11) NOT NULL,
  `amount` varchar(128) NOT NULL,
  `created_at` timestamp NOT NULL DEFAULT current_timestamp(),
  `updated_at` timestamp NOT NULL DEFAULT current_timestamp() ON UPDATE current_timestamp()
) ENGINE=InnoDB DEFAULT CHARSET=utf8;

--
-- Dumping data for table `levels`
--

INSERT INTO `levels` (`id`, `txn_id`, `userid`, `level`, `amount`, `created_at`, `updated_at`) VALUES
(1, '87db110ac9dd23501d8fd41cc9a13e5bc6923392051657cafae702c5c3d959c8', 2, 2, '2000000000', '2020-12-15 09:01:51', '2020-12-16 02:57:51'),
(2, 'b6a90619872ea32ec942c75aab5df60c5e8ff96b8611715dd036bec58886ced0', 3, 3, '5000000000', '2020-12-15 20:59:18', '2020-12-16 03:01:53'),
(3, 'f87497eeeba6c1fe616fd08bf384b25d4113c9e8ac0ab89072df6953f767d647', 3, 3, '5000000000', '2020-12-15 21:03:21', '2020-12-16 03:02:35'),
(4, 'f87497eeeba6c1fe616fd08bf384b25d4113c9e8ac0ab89072df6953f767d647', 3, 3, '5000000000', '2020-12-15 21:03:21', '2020-12-16 03:08:05'),
(5, 'dc961461a21487d518c4dc703b5351a3925fc63a846d482306a374f219810139', 3, 4, '10000000000', '2020-12-15 21:09:33', '2020-12-16 03:14:38'),
(6, 'f886f1d81e85343048ab1c40c014995ecb229bc172da92e64feb095a66c4b098', 2, 3, '5000000000', '2020-12-15 21:16:06', '2020-12-16 03:41:49'),
(7, 'a3f611476a878c35fcecd85dec82980962d640df1f617728a9b83b0e05ee1779', 4, 2, '2000000000', '2020-12-15 21:40:39', '2020-12-16 03:42:17'),
(8, 'f87497eeeba6c1fe616fd08bf384b25d4113c9e8ac0ab89072df6953f767d647', 3, 3, '5000000000', '2020-12-16 00:03:21', '2020-12-16 02:33:02'),
(9, 'dc961461a21487d518c4dc703b5351a3925fc63a846d482306a374f219810139', 3, 4, '10000000000', '2020-12-16 00:09:33', '2020-12-16 02:33:02'),
(10, 'f886f1d81e85343048ab1c40c014995ecb229bc172da92e64feb095a66c4b098', 2, 3, '5000000000', '2020-12-16 00:16:06', '2020-12-16 02:33:03'),
(11, 'a3f611476a878c35fcecd85dec82980962d640df1f617728a9b83b0e05ee1779', 4, 2, '2000000000', '2020-12-16 00:40:39', '2020-12-16 02:33:03'),
(12, '097ee96447bebc9988460cd75608f65e117206ec419ecea10538964072ca10a4', 6, 2, '2000000000', '2020-12-20 08:43:45', '2020-12-20 08:44:02'),
(13, '4fefbe28a5e4f2fe7ea5db98f83dbe39bb0641493d8f0a6427dfc5078fe03268', 6, 3, '5000000000', '2020-12-20 08:53:36', '2020-12-20 08:54:02'),
(14, '1acef6cfbc8d3a89e84af88030020f69d294bd420c5a4dcf4b4a62b6374a4d31', 6, 4, '10000000000', '2020-12-20 09:04:24', '2020-12-20 09:05:02'),
(15, '4171e743e4c55e27c1f6bad8b932f4e5981e76f84224b98a035bef2a5d19e0e6', 6, 5, '25000000000', '2020-12-20 09:16:06', '2020-12-20 09:17:02');

-- --------------------------------------------------------

--
-- Table structure for table `losts`
--

CREATE TABLE `losts` (
  `id` int(11) NOT NULL,
  `txn_id` varchar(128) NOT NULL,
  `user` varchar(128) NOT NULL,
  `referral` varchar(128) NOT NULL,
  `level` int(11) NOT NULL,
  `created_at` timestamp NOT NULL DEFAULT current_timestamp(),
  `updated_at` timestamp NOT NULL DEFAULT current_timestamp() ON UPDATE current_timestamp()
) ENGINE=InnoDB DEFAULT CHARSET=utf8;

--
-- Dumping data for table `losts`
--

INSERT INTO `losts` (`id`, `txn_id`, `user`, `referral`, `level`, `created_at`, `updated_at`) VALUES
(1, 'b6a90619872ea32ec942c75aab5df60c5e8ff96b8611715dd036bec58886ced0', '0x5a070474e15ffd977b2b18db52ca9a6f1581e90d', '0xbd4422a555f7b62ab172c9c4b604bc59ceec082e', 3, '2020-12-15 20:59:18', '2020-12-18 05:32:48'),
(2, 'b6a90619872ea32ec942c75aab5df60c5e8ff96b8611715dd036bec58886ced0', '0x5a070474e15ffd977b2b18db52ca9a6f1581e90d', '0xbd4422a555f7b62ab172c9c4b604bc59ceec082e', 3, '2020-12-15 20:59:18', '2020-12-18 05:32:48'),
(3, 'f87497eeeba6c1fe616fd08bf384b25d4113c9e8ac0ab89072df6953f767d647', '0x5a070474e15ffd977b2b18db52ca9a6f1581e90d', '0xbd4422a555f7b62ab172c9c4b604bc59ceec082e', 3, '2020-12-15 21:03:21', '2020-12-18 05:32:48'),
(4, 'f87497eeeba6c1fe616fd08bf384b25d4113c9e8ac0ab89072df6953f767d647', '0x5a070474e15ffd977b2b18db52ca9a6f1581e90d', '0xbd4422a555f7b62ab172c9c4b604bc59ceec082e', 3, '2020-12-15 21:03:21', '2020-12-18 05:32:48'),
(5, 'f87497eeeba6c1fe616fd08bf384b25d4113c9e8ac0ab89072df6953f767d647', '0x5a070474e15ffd977b2b18db52ca9a6f1581e90d', '0xbd4422a555f7b62ab172c9c4b604bc59ceec082e', 3, '2020-12-15 21:03:21', '2020-12-18 05:32:48'),
(6, 'dc961461a21487d518c4dc703b5351a3925fc63a846d482306a374f219810139', '0x5a070474e15ffd977b2b18db52ca9a6f1581e90d', '0xbd4422a555f7b62ab172c9c4b604bc59ceec082e', 4, '2020-12-15 21:09:33', '2020-12-18 05:32:48'),
(7, 'dc961461a21487d518c4dc703b5351a3925fc63a846d482306a374f219810139', '0x5a070474e15ffd977b2b18db52ca9a6f1581e90d', '0xbd4422a555f7b62ab172c9c4b604bc59ceec082e', 4, '2020-12-15 21:09:33', '2020-12-18 05:32:48'),
(8, 'f87497eeeba6c1fe616fd08bf384b25d4113c9e8ac0ab89072df6953f767d647', '0x5a070474e15ffd977b2b18db52ca9a6f1581e90d', '0xbd4422a555f7b62ab172c9c4b604bc59ceec082e', 3, '2020-12-16 00:03:21', '2020-12-18 05:32:48'),
(9, 'dc961461a21487d518c4dc703b5351a3925fc63a846d482306a374f219810139', '0x5a070474e15ffd977b2b18db52ca9a6f1581e90d', '0xbd4422a555f7b62ab172c9c4b604bc59ceec082e', 4, '2020-12-16 00:09:33', '2020-12-18 05:32:48'),
(10, 'dc961461a21487d518c4dc703b5351a3925fc63a846d482306a374f219810139', '0x5a070474e15ffd977b2b18db52ca9a6f1581e90d', '0xbd4422a555f7b62ab172c9c4b604bc59ceec082e', 4, '2020-12-16 00:09:33', '2020-12-18 05:32:48'),
(11, '097ee96447bebc9988460cd75608f65e117206ec419ecea10538964072ca10a4', '0xfb1109f2c1ac0a97f22424846b6d41d3d58c4212', '0x47e47ea8859b536b0ff3cb7326bafd7119e5e633', 2, '2020-12-20 08:43:45', '2020-12-20 08:44:02'),
(12, '4fefbe28a5e4f2fe7ea5db98f83dbe39bb0641493d8f0a6427dfc5078fe03268', '0xfb1109f2c1ac0a97f22424846b6d41d3d58c4212', '0x47e47ea8859b536b0ff3cb7326bafd7119e5e633', 3, '2020-12-20 08:53:36', '2020-12-20 08:54:03'),
(13, '1acef6cfbc8d3a89e84af88030020f69d294bd420c5a4dcf4b4a62b6374a4d31', '0xfb1109f2c1ac0a97f22424846b6d41d3d58c4212', '0x47e47ea8859b536b0ff3cb7326bafd7119e5e633', 4, '2020-12-20 09:04:24', '2020-12-20 09:05:03'),
(14, '4171e743e4c55e27c1f6bad8b932f4e5981e76f84224b98a035bef2a5d19e0e6', '0xfb1109f2c1ac0a97f22424846b6d41d3d58c4212', '0x47e47ea8859b536b0ff3cb7326bafd7119e5e633', 5, '2020-12-20 09:16:06', '2020-12-20 09:17:02');

-- --------------------------------------------------------

--
-- Table structure for table `transactions`
--

CREATE TABLE `transactions` (
  `id` int(11) NOT NULL,
  `txn_id` varchar(128) NOT NULL,
  `from_user_id` int(11) NOT NULL,
  `from_user_address` varchar(128) NOT NULL,
  `to_user_id` int(11) NOT NULL,
  `to_user_address` varchar(128) NOT NULL,
  `type` int(11) NOT NULL,
  `level` int(11) NOT NULL,
  `pack_amount` varchar(128) NOT NULL,
  `amount` varchar(128) NOT NULL,
  `created_at` timestamp NOT NULL DEFAULT current_timestamp(),
  `updated_at` timestamp NOT NULL DEFAULT current_timestamp() ON UPDATE current_timestamp()
) ENGINE=InnoDB DEFAULT CHARSET=utf8;

--
-- Dumping data for table `transactions`
--

INSERT INTO `transactions` (`id`, `txn_id`, `from_user_id`, `from_user_address`, `to_user_id`, `to_user_address`, `type`, `level`, `pack_amount`, `amount`, `created_at`, `updated_at`) VALUES
(1, '024d9e79848f37d2813e9f0e21e5627a3062cd2efce6dbd59f8a0ca3e75555df', 2, '0x5a070474e15ffd977b2b18db52ca9a6f1581e90d', 1, '0x8f4561988cfe62fbd26e2f8af8d224fa7382b1e3', 0, 1, '1000000000', '500000000', '2020-12-15 04:40:18', '2020-12-15 04:40:18'),
(2, '024d9e79848f37d2813e9f0e21e5627a3062cd2efce6dbd59f8a0ca3e75555df', 2, '0x5a070474e15ffd977b2b18db52ca9a6f1581e90d', 1, '0x8f4561988cfe62fbd26e2f8af8d224fa7382b1e3', 1, 0, '1000000000', '50000000', '2020-12-15 04:40:18', '2020-12-15 04:40:18'),
(3, '024d9e79848f37d2813e9f0e21e5627a3062cd2efce6dbd59f8a0ca3e75555df', 2, '0x5a070474e15ffd977b2b18db52ca9a6f1581e90d', 1, '0x8f4561988cfe62fbd26e2f8af8d224fa7382b1e3', 1, 1, '1000000000', '50000000', '2020-12-15 04:40:18', '2020-12-15 04:40:18'),
(4, '024d9e79848f37d2813e9f0e21e5627a3062cd2efce6dbd59f8a0ca3e75555df', 2, '0x5a070474e15ffd977b2b18db52ca9a6f1581e90d', 1, '0x8f4561988cfe62fbd26e2f8af8d224fa7382b1e3', 1, 2, '1000000000', '50000000', '2020-12-15 04:40:18', '2020-12-15 04:40:18'),
(5, '024d9e79848f37d2813e9f0e21e5627a3062cd2efce6dbd59f8a0ca3e75555df', 2, '0x5a070474e15ffd977b2b18db52ca9a6f1581e90d', 1, '0x8f4561988cfe62fbd26e2f8af8d224fa7382b1e3', 1, 3, '1000000000', '50000000', '2020-12-15 04:40:18', '2020-12-15 04:40:18'),
(6, '024d9e79848f37d2813e9f0e21e5627a3062cd2efce6dbd59f8a0ca3e75555df', 2, '0x5a070474e15ffd977b2b18db52ca9a6f1581e90d', 1, '0x8f4561988cfe62fbd26e2f8af8d224fa7382b1e3', 1, 4, '1000000000', '50000000', '2020-12-15 04:40:18', '2020-12-15 04:40:18'),
(7, '024d9e79848f37d2813e9f0e21e5627a3062cd2efce6dbd59f8a0ca3e75555df', 2, '0x5a070474e15ffd977b2b18db52ca9a6f1581e90d', 1, '0x8f4561988cfe62fbd26e2f8af8d224fa7382b1e3', 1, 5, '1000000000', '50000000', '2020-12-15 04:40:18', '2020-12-15 04:40:18'),
(8, '024d9e79848f37d2813e9f0e21e5627a3062cd2efce6dbd59f8a0ca3e75555df', 2, '0x5a070474e15ffd977b2b18db52ca9a6f1581e90d', 1, '0x8f4561988cfe62fbd26e2f8af8d224fa7382b1e3', 1, 6, '1000000000', '50000000', '2020-12-15 04:40:18', '2020-12-15 04:40:18'),
(9, '024d9e79848f37d2813e9f0e21e5627a3062cd2efce6dbd59f8a0ca3e75555df', 2, '0x5a070474e15ffd977b2b18db52ca9a6f1581e90d', 1, '0x8f4561988cfe62fbd26e2f8af8d224fa7382b1e3', 1, 7, '1000000000', '50000000', '2020-12-15 04:40:18', '2020-12-15 04:40:18'),
(10, '024d9e79848f37d2813e9f0e21e5627a3062cd2efce6dbd59f8a0ca3e75555df', 2, '0x5a070474e15ffd977b2b18db52ca9a6f1581e90d', 1, '0x8f4561988cfe62fbd26e2f8af8d224fa7382b1e3', 1, 8, '1000000000', '50000000', '2020-12-15 04:40:18', '2020-12-15 04:40:18'),
(11, '024d9e79848f37d2813e9f0e21e5627a3062cd2efce6dbd59f8a0ca3e75555df', 2, '0x5a070474e15ffd977b2b18db52ca9a6f1581e90d', 1, '0x8f4561988cfe62fbd26e2f8af8d224fa7382b1e3', 1, 9, '1000000000', '50000000', '2020-12-15 04:40:18', '2020-12-15 04:40:18'),
(12, '2f0a1b48d6eb8dc28a1eacb9f26dadbd0eb04b2119027476c82f7248b36f5497', 3, '0xbd4422a555f7b62ab172c9c4b604bc59ceec082e', 2, '0x5a070474e15ffd977b2b18db52ca9a6f1581e90d', 0, 1, '1000000000', '500000000', '2020-12-15 06:40:48', '2020-12-15 06:40:48'),
(13, '2f0a1b48d6eb8dc28a1eacb9f26dadbd0eb04b2119027476c82f7248b36f5497', 3, '0xbd4422a555f7b62ab172c9c4b604bc59ceec082e', 2, '0x5a070474e15ffd977b2b18db52ca9a6f1581e90d', 1, 0, '1000000000', '50000000', '2020-12-15 06:40:48', '2020-12-15 06:40:48'),
(14, '2f0a1b48d6eb8dc28a1eacb9f26dadbd0eb04b2119027476c82f7248b36f5497', 3, '0xbd4422a555f7b62ab172c9c4b604bc59ceec082e', 1, '0x8f4561988cfe62fbd26e2f8af8d224fa7382b1e3', 1, 1, '1000000000', '50000000', '2020-12-15 06:40:48', '2020-12-15 06:40:48'),
(15, '2f0a1b48d6eb8dc28a1eacb9f26dadbd0eb04b2119027476c82f7248b36f5497', 3, '0xbd4422a555f7b62ab172c9c4b604bc59ceec082e', 1, '0x8f4561988cfe62fbd26e2f8af8d224fa7382b1e3', 1, 2, '1000000000', '50000000', '2020-12-15 06:40:48', '2020-12-15 06:40:48'),
(16, '2f0a1b48d6eb8dc28a1eacb9f26dadbd0eb04b2119027476c82f7248b36f5497', 3, '0xbd4422a555f7b62ab172c9c4b604bc59ceec082e', 1, '0x8f4561988cfe62fbd26e2f8af8d224fa7382b1e3', 1, 3, '1000000000', '50000000', '2020-12-15 06:40:48', '2020-12-15 06:40:48'),
(17, '2f0a1b48d6eb8dc28a1eacb9f26dadbd0eb04b2119027476c82f7248b36f5497', 3, '0xbd4422a555f7b62ab172c9c4b604bc59ceec082e', 1, '0x8f4561988cfe62fbd26e2f8af8d224fa7382b1e3', 1, 4, '1000000000', '50000000', '2020-12-15 06:40:48', '2020-12-15 06:40:48'),
(18, '2f0a1b48d6eb8dc28a1eacb9f26dadbd0eb04b2119027476c82f7248b36f5497', 3, '0xbd4422a555f7b62ab172c9c4b604bc59ceec082e', 1, '0x8f4561988cfe62fbd26e2f8af8d224fa7382b1e3', 1, 5, '1000000000', '50000000', '2020-12-15 06:40:48', '2020-12-15 06:40:48'),
(19, '2f0a1b48d6eb8dc28a1eacb9f26dadbd0eb04b2119027476c82f7248b36f5497', 3, '0xbd4422a555f7b62ab172c9c4b604bc59ceec082e', 1, '0x8f4561988cfe62fbd26e2f8af8d224fa7382b1e3', 1, 6, '1000000000', '50000000', '2020-12-15 06:40:48', '2020-12-15 06:40:48'),
(20, '2f0a1b48d6eb8dc28a1eacb9f26dadbd0eb04b2119027476c82f7248b36f5497', 3, '0xbd4422a555f7b62ab172c9c4b604bc59ceec082e', 1, '0x8f4561988cfe62fbd26e2f8af8d224fa7382b1e3', 1, 7, '1000000000', '50000000', '2020-12-15 06:40:48', '2020-12-15 06:40:48'),
(21, '2f0a1b48d6eb8dc28a1eacb9f26dadbd0eb04b2119027476c82f7248b36f5497', 3, '0xbd4422a555f7b62ab172c9c4b604bc59ceec082e', 1, '0x8f4561988cfe62fbd26e2f8af8d224fa7382b1e3', 1, 8, '1000000000', '50000000', '2020-12-15 06:40:48', '2020-12-15 06:40:48'),
(22, '2f0a1b48d6eb8dc28a1eacb9f26dadbd0eb04b2119027476c82f7248b36f5497', 3, '0xbd4422a555f7b62ab172c9c4b604bc59ceec082e', 1, '0x8f4561988cfe62fbd26e2f8af8d224fa7382b1e3', 1, 9, '1000000000', '50000000', '2020-12-15 06:40:48', '2020-12-15 06:40:48'),
(52, '87db110ac9dd23501d8fd41cc9a13e5bc6923392051657cafae702c5c3d959c8', 2, '0x5a070474e15ffd977b2b18db52ca9a6f1581e90d', 1, '0x8f4561988cfe62fbd26e2f8af8d224fa7382b1e3', 0, 2, '2000000000', '1000000000', '2020-12-15 09:01:51', '2020-12-16 02:57:56'),
(53, '87db110ac9dd23501d8fd41cc9a13e5bc6923392051657cafae702c5c3d959c8', 2, '0x5a070474e15ffd977b2b18db52ca9a6f1581e90d', 1, '0x8f4561988cfe62fbd26e2f8af8d224fa7382b1e3', 1, 0, '2000000000', '100000000', '2020-12-15 09:01:51', '2020-12-16 02:57:57'),
(54, '87db110ac9dd23501d8fd41cc9a13e5bc6923392051657cafae702c5c3d959c8', 2, '0x5a070474e15ffd977b2b18db52ca9a6f1581e90d', 1, '0x8f4561988cfe62fbd26e2f8af8d224fa7382b1e3', 1, 1, '2000000000', '100000000', '2020-12-15 09:01:51', '2020-12-16 02:57:57'),
(55, '87db110ac9dd23501d8fd41cc9a13e5bc6923392051657cafae702c5c3d959c8', 2, '0x5a070474e15ffd977b2b18db52ca9a6f1581e90d', 1, '0x8f4561988cfe62fbd26e2f8af8d224fa7382b1e3', 1, 2, '2000000000', '100000000', '2020-12-15 09:01:51', '2020-12-16 02:57:57'),
(56, '87db110ac9dd23501d8fd41cc9a13e5bc6923392051657cafae702c5c3d959c8', 2, '0x5a070474e15ffd977b2b18db52ca9a6f1581e90d', 1, '0x8f4561988cfe62fbd26e2f8af8d224fa7382b1e3', 1, 3, '2000000000', '100000000', '2020-12-15 09:01:51', '2020-12-16 02:57:57'),
(57, '87db110ac9dd23501d8fd41cc9a13e5bc6923392051657cafae702c5c3d959c8', 2, '0x5a070474e15ffd977b2b18db52ca9a6f1581e90d', 1, '0x8f4561988cfe62fbd26e2f8af8d224fa7382b1e3', 1, 4, '2000000000', '100000000', '2020-12-15 09:01:51', '2020-12-16 02:57:57'),
(58, '87db110ac9dd23501d8fd41cc9a13e5bc6923392051657cafae702c5c3d959c8', 2, '0x5a070474e15ffd977b2b18db52ca9a6f1581e90d', 1, '0x8f4561988cfe62fbd26e2f8af8d224fa7382b1e3', 1, 5, '2000000000', '100000000', '2020-12-15 09:01:51', '2020-12-16 02:57:57'),
(59, '87db110ac9dd23501d8fd41cc9a13e5bc6923392051657cafae702c5c3d959c8', 2, '0x5a070474e15ffd977b2b18db52ca9a6f1581e90d', 1, '0x8f4561988cfe62fbd26e2f8af8d224fa7382b1e3', 1, 6, '2000000000', '100000000', '2020-12-15 09:01:51', '2020-12-16 02:57:58'),
(60, '87db110ac9dd23501d8fd41cc9a13e5bc6923392051657cafae702c5c3d959c8', 2, '0x5a070474e15ffd977b2b18db52ca9a6f1581e90d', 1, '0x8f4561988cfe62fbd26e2f8af8d224fa7382b1e3', 1, 7, '2000000000', '100000000', '2020-12-15 09:01:51', '2020-12-16 02:57:58'),
(61, '87db110ac9dd23501d8fd41cc9a13e5bc6923392051657cafae702c5c3d959c8', 2, '0x5a070474e15ffd977b2b18db52ca9a6f1581e90d', 1, '0x8f4561988cfe62fbd26e2f8af8d224fa7382b1e3', 1, 8, '2000000000', '100000000', '2020-12-15 09:01:51', '2020-12-16 02:57:58'),
(62, '87db110ac9dd23501d8fd41cc9a13e5bc6923392051657cafae702c5c3d959c8', 2, '0x5a070474e15ffd977b2b18db52ca9a6f1581e90d', 1, '0x8f4561988cfe62fbd26e2f8af8d224fa7382b1e3', 1, 9, '2000000000', '100000000', '2020-12-15 09:01:51', '2020-12-16 02:57:58'),
(63, 'b6a90619872ea32ec942c75aab5df60c5e8ff96b8611715dd036bec58886ced0', 3, '0xbd4422a555f7b62ab172c9c4b604bc59ceec082e', 2, '0x5a070474e15ffd977b2b18db52ca9a6f1581e90d', 0, 3, '5000000000', '1250000000', '2020-12-15 20:59:18', '2020-12-16 02:57:58'),
(64, 'b6a90619872ea32ec942c75aab5df60c5e8ff96b8611715dd036bec58886ced0', 3, '0xbd4422a555f7b62ab172c9c4b604bc59ceec082e', 1, '0x8f4561988cfe62fbd26e2f8af8d224fa7382b1e3', 0, 3, '5000000000', '1250000000', '2020-12-15 20:59:18', '2020-12-16 02:57:58'),
(65, 'b6a90619872ea32ec942c75aab5df60c5e8ff96b8611715dd036bec58886ced0', 3, '0xbd4422a555f7b62ab172c9c4b604bc59ceec082e', 1, '0x8f4561988cfe62fbd26e2f8af8d224fa7382b1e3', 1, 0, '5000000000', '250000000', '2020-12-15 20:59:18', '2020-12-16 02:57:59'),
(66, 'b6a90619872ea32ec942c75aab5df60c5e8ff96b8611715dd036bec58886ced0', 3, '0xbd4422a555f7b62ab172c9c4b604bc59ceec082e', 1, '0x8f4561988cfe62fbd26e2f8af8d224fa7382b1e3', 1, 1, '5000000000', '250000000', '2020-12-15 20:59:18', '2020-12-16 02:57:59'),
(67, 'b6a90619872ea32ec942c75aab5df60c5e8ff96b8611715dd036bec58886ced0', 3, '0xbd4422a555f7b62ab172c9c4b604bc59ceec082e', 1, '0x8f4561988cfe62fbd26e2f8af8d224fa7382b1e3', 1, 2, '5000000000', '250000000', '2020-12-15 20:59:18', '2020-12-16 02:57:59'),
(68, 'b6a90619872ea32ec942c75aab5df60c5e8ff96b8611715dd036bec58886ced0', 3, '0xbd4422a555f7b62ab172c9c4b604bc59ceec082e', 1, '0x8f4561988cfe62fbd26e2f8af8d224fa7382b1e3', 1, 3, '5000000000', '250000000', '2020-12-15 20:59:18', '2020-12-16 02:57:59'),
(69, 'b6a90619872ea32ec942c75aab5df60c5e8ff96b8611715dd036bec58886ced0', 3, '0xbd4422a555f7b62ab172c9c4b604bc59ceec082e', 1, '0x8f4561988cfe62fbd26e2f8af8d224fa7382b1e3', 1, 4, '5000000000', '250000000', '2020-12-15 20:59:18', '2020-12-16 02:57:59'),
(70, 'b6a90619872ea32ec942c75aab5df60c5e8ff96b8611715dd036bec58886ced0', 3, '0xbd4422a555f7b62ab172c9c4b604bc59ceec082e', 1, '0x8f4561988cfe62fbd26e2f8af8d224fa7382b1e3', 1, 5, '5000000000', '250000000', '2020-12-15 20:59:18', '2020-12-16 02:57:59'),
(71, 'b6a90619872ea32ec942c75aab5df60c5e8ff96b8611715dd036bec58886ced0', 3, '0xbd4422a555f7b62ab172c9c4b604bc59ceec082e', 1, '0x8f4561988cfe62fbd26e2f8af8d224fa7382b1e3', 1, 6, '5000000000', '250000000', '2020-12-15 20:59:18', '2020-12-16 02:57:59'),
(72, 'b6a90619872ea32ec942c75aab5df60c5e8ff96b8611715dd036bec58886ced0', 3, '0xbd4422a555f7b62ab172c9c4b604bc59ceec082e', 2, '0x5a070474e15ffd977b2b18db52ca9a6f1581e90d', 0, 3, '5000000000', '1250000000', '2020-12-15 20:59:18', '2020-12-16 03:01:54'),
(73, 'b6a90619872ea32ec942c75aab5df60c5e8ff96b8611715dd036bec58886ced0', 3, '0xbd4422a555f7b62ab172c9c4b604bc59ceec082e', 1, '0x8f4561988cfe62fbd26e2f8af8d224fa7382b1e3', 0, 3, '5000000000', '1250000000', '2020-12-15 20:59:18', '2020-12-16 03:01:54'),
(74, 'b6a90619872ea32ec942c75aab5df60c5e8ff96b8611715dd036bec58886ced0', 3, '0xbd4422a555f7b62ab172c9c4b604bc59ceec082e', 1, '0x8f4561988cfe62fbd26e2f8af8d224fa7382b1e3', 1, 0, '5000000000', '250000000', '2020-12-15 20:59:18', '2020-12-16 03:01:54'),
(75, 'b6a90619872ea32ec942c75aab5df60c5e8ff96b8611715dd036bec58886ced0', 3, '0xbd4422a555f7b62ab172c9c4b604bc59ceec082e', 1, '0x8f4561988cfe62fbd26e2f8af8d224fa7382b1e3', 1, 1, '5000000000', '250000000', '2020-12-15 20:59:18', '2020-12-16 03:01:54'),
(76, 'b6a90619872ea32ec942c75aab5df60c5e8ff96b8611715dd036bec58886ced0', 3, '0xbd4422a555f7b62ab172c9c4b604bc59ceec082e', 1, '0x8f4561988cfe62fbd26e2f8af8d224fa7382b1e3', 1, 2, '5000000000', '250000000', '2020-12-15 20:59:18', '2020-12-16 03:01:55'),
(77, 'b6a90619872ea32ec942c75aab5df60c5e8ff96b8611715dd036bec58886ced0', 3, '0xbd4422a555f7b62ab172c9c4b604bc59ceec082e', 1, '0x8f4561988cfe62fbd26e2f8af8d224fa7382b1e3', 1, 3, '5000000000', '250000000', '2020-12-15 20:59:18', '2020-12-16 03:01:55'),
(78, 'b6a90619872ea32ec942c75aab5df60c5e8ff96b8611715dd036bec58886ced0', 3, '0xbd4422a555f7b62ab172c9c4b604bc59ceec082e', 1, '0x8f4561988cfe62fbd26e2f8af8d224fa7382b1e3', 1, 4, '5000000000', '250000000', '2020-12-15 20:59:18', '2020-12-16 03:01:55'),
(79, 'b6a90619872ea32ec942c75aab5df60c5e8ff96b8611715dd036bec58886ced0', 3, '0xbd4422a555f7b62ab172c9c4b604bc59ceec082e', 1, '0x8f4561988cfe62fbd26e2f8af8d224fa7382b1e3', 1, 5, '5000000000', '250000000', '2020-12-15 20:59:18', '2020-12-16 03:01:55'),
(80, 'b6a90619872ea32ec942c75aab5df60c5e8ff96b8611715dd036bec58886ced0', 3, '0xbd4422a555f7b62ab172c9c4b604bc59ceec082e', 1, '0x8f4561988cfe62fbd26e2f8af8d224fa7382b1e3', 1, 6, '5000000000', '250000000', '2020-12-15 20:59:18', '2020-12-16 03:01:55'),
(81, 'b6a90619872ea32ec942c75aab5df60c5e8ff96b8611715dd036bec58886ced0', 3, '0xbd4422a555f7b62ab172c9c4b604bc59ceec082e', 1, '0x8f4561988cfe62fbd26e2f8af8d224fa7382b1e3', 1, 7, '5000000000', '250000000', '2020-12-15 20:59:18', '2020-12-16 03:01:55'),
(82, 'b6a90619872ea32ec942c75aab5df60c5e8ff96b8611715dd036bec58886ced0', 3, '0xbd4422a555f7b62ab172c9c4b604bc59ceec082e', 1, '0x8f4561988cfe62fbd26e2f8af8d224fa7382b1e3', 1, 8, '5000000000', '250000000', '2020-12-15 20:59:18', '2020-12-16 03:01:55'),
(83, 'b6a90619872ea32ec942c75aab5df60c5e8ff96b8611715dd036bec58886ced0', 3, '0xbd4422a555f7b62ab172c9c4b604bc59ceec082e', 1, '0x8f4561988cfe62fbd26e2f8af8d224fa7382b1e3', 1, 9, '5000000000', '250000000', '2020-12-15 20:59:18', '2020-12-16 03:01:55'),
(84, 'f87497eeeba6c1fe616fd08bf384b25d4113c9e8ac0ab89072df6953f767d647', 3, '0xbd4422a555f7b62ab172c9c4b604bc59ceec082e', 2, '0x5a070474e15ffd977b2b18db52ca9a6f1581e90d', 0, 3, '5000000000', '1250000000', '2020-12-15 21:03:21', '2020-12-16 03:02:36'),
(85, 'f87497eeeba6c1fe616fd08bf384b25d4113c9e8ac0ab89072df6953f767d647', 3, '0xbd4422a555f7b62ab172c9c4b604bc59ceec082e', 1, '0x8f4561988cfe62fbd26e2f8af8d224fa7382b1e3', 0, 3, '5000000000', '1250000000', '2020-12-15 21:03:21', '2020-12-16 03:02:36'),
(86, 'f87497eeeba6c1fe616fd08bf384b25d4113c9e8ac0ab89072df6953f767d647', 3, '0xbd4422a555f7b62ab172c9c4b604bc59ceec082e', 1, '0x8f4561988cfe62fbd26e2f8af8d224fa7382b1e3', 1, 0, '5000000000', '250000000', '2020-12-15 21:03:21', '2020-12-16 03:02:37'),
(87, 'f87497eeeba6c1fe616fd08bf384b25d4113c9e8ac0ab89072df6953f767d647', 3, '0xbd4422a555f7b62ab172c9c4b604bc59ceec082e', 1, '0x8f4561988cfe62fbd26e2f8af8d224fa7382b1e3', 1, 1, '5000000000', '250000000', '2020-12-15 21:03:21', '2020-12-16 03:02:37'),
(88, 'f87497eeeba6c1fe616fd08bf384b25d4113c9e8ac0ab89072df6953f767d647', 3, '0xbd4422a555f7b62ab172c9c4b604bc59ceec082e', 1, '0x8f4561988cfe62fbd26e2f8af8d224fa7382b1e3', 1, 2, '5000000000', '250000000', '2020-12-15 21:03:21', '2020-12-16 03:02:37'),
(89, 'f87497eeeba6c1fe616fd08bf384b25d4113c9e8ac0ab89072df6953f767d647', 3, '0xbd4422a555f7b62ab172c9c4b604bc59ceec082e', 1, '0x8f4561988cfe62fbd26e2f8af8d224fa7382b1e3', 1, 3, '5000000000', '250000000', '2020-12-15 21:03:21', '2020-12-16 03:02:37'),
(90, 'f87497eeeba6c1fe616fd08bf384b25d4113c9e8ac0ab89072df6953f767d647', 3, '0xbd4422a555f7b62ab172c9c4b604bc59ceec082e', 1, '0x8f4561988cfe62fbd26e2f8af8d224fa7382b1e3', 1, 4, '5000000000', '250000000', '2020-12-15 21:03:21', '2020-12-16 03:02:38'),
(91, 'f87497eeeba6c1fe616fd08bf384b25d4113c9e8ac0ab89072df6953f767d647', 3, '0xbd4422a555f7b62ab172c9c4b604bc59ceec082e', 1, '0x8f4561988cfe62fbd26e2f8af8d224fa7382b1e3', 1, 5, '5000000000', '250000000', '2020-12-15 21:03:21', '2020-12-16 03:02:38'),
(92, 'f87497eeeba6c1fe616fd08bf384b25d4113c9e8ac0ab89072df6953f767d647', 3, '0xbd4422a555f7b62ab172c9c4b604bc59ceec082e', 1, '0x8f4561988cfe62fbd26e2f8af8d224fa7382b1e3', 1, 6, '5000000000', '250000000', '2020-12-15 21:03:21', '2020-12-16 03:02:38'),
(93, 'f87497eeeba6c1fe616fd08bf384b25d4113c9e8ac0ab89072df6953f767d647', 3, '0xbd4422a555f7b62ab172c9c4b604bc59ceec082e', 1, '0x8f4561988cfe62fbd26e2f8af8d224fa7382b1e3', 1, 7, '5000000000', '250000000', '2020-12-15 21:03:21', '2020-12-16 03:02:39'),
(94, 'f87497eeeba6c1fe616fd08bf384b25d4113c9e8ac0ab89072df6953f767d647', 3, '0xbd4422a555f7b62ab172c9c4b604bc59ceec082e', 1, '0x8f4561988cfe62fbd26e2f8af8d224fa7382b1e3', 1, 8, '5000000000', '250000000', '2020-12-15 21:03:21', '2020-12-16 03:02:39'),
(95, 'f87497eeeba6c1fe616fd08bf384b25d4113c9e8ac0ab89072df6953f767d647', 3, '0xbd4422a555f7b62ab172c9c4b604bc59ceec082e', 1, '0x8f4561988cfe62fbd26e2f8af8d224fa7382b1e3', 1, 9, '5000000000', '250000000', '2020-12-15 21:03:21', '2020-12-16 03:02:40'),
(96, 'f87497eeeba6c1fe616fd08bf384b25d4113c9e8ac0ab89072df6953f767d647', 3, '0xbd4422a555f7b62ab172c9c4b604bc59ceec082e', 2, '0x5a070474e15ffd977b2b18db52ca9a6f1581e90d', 0, 3, '5000000000', '1250000000', '2020-12-15 21:03:21', '2020-12-16 03:08:10'),
(97, 'f87497eeeba6c1fe616fd08bf384b25d4113c9e8ac0ab89072df6953f767d647', 3, '0xbd4422a555f7b62ab172c9c4b604bc59ceec082e', 1, '0x8f4561988cfe62fbd26e2f8af8d224fa7382b1e3', 0, 3, '5000000000', '1250000000', '2020-12-15 21:03:21', '2020-12-16 03:08:10'),
(98, 'f87497eeeba6c1fe616fd08bf384b25d4113c9e8ac0ab89072df6953f767d647', 3, '0xbd4422a555f7b62ab172c9c4b604bc59ceec082e', 1, '0x8f4561988cfe62fbd26e2f8af8d224fa7382b1e3', 1, 0, '5000000000', '250000000', '2020-12-15 21:03:21', '2020-12-16 03:08:10'),
(99, 'f87497eeeba6c1fe616fd08bf384b25d4113c9e8ac0ab89072df6953f767d647', 3, '0xbd4422a555f7b62ab172c9c4b604bc59ceec082e', 1, '0x8f4561988cfe62fbd26e2f8af8d224fa7382b1e3', 1, 1, '5000000000', '250000000', '2020-12-15 21:03:21', '2020-12-16 03:08:10'),
(100, 'f87497eeeba6c1fe616fd08bf384b25d4113c9e8ac0ab89072df6953f767d647', 3, '0xbd4422a555f7b62ab172c9c4b604bc59ceec082e', 1, '0x8f4561988cfe62fbd26e2f8af8d224fa7382b1e3', 1, 2, '5000000000', '250000000', '2020-12-15 21:03:21', '2020-12-16 03:08:10'),
(101, 'f87497eeeba6c1fe616fd08bf384b25d4113c9e8ac0ab89072df6953f767d647', 3, '0xbd4422a555f7b62ab172c9c4b604bc59ceec082e', 1, '0x8f4561988cfe62fbd26e2f8af8d224fa7382b1e3', 1, 3, '5000000000', '250000000', '2020-12-15 21:03:21', '2020-12-16 03:08:10'),
(102, 'f87497eeeba6c1fe616fd08bf384b25d4113c9e8ac0ab89072df6953f767d647', 3, '0xbd4422a555f7b62ab172c9c4b604bc59ceec082e', 1, '0x8f4561988cfe62fbd26e2f8af8d224fa7382b1e3', 1, 4, '5000000000', '250000000', '2020-12-15 21:03:21', '2020-12-16 03:08:10'),
(103, 'f87497eeeba6c1fe616fd08bf384b25d4113c9e8ac0ab89072df6953f767d647', 3, '0xbd4422a555f7b62ab172c9c4b604bc59ceec082e', 1, '0x8f4561988cfe62fbd26e2f8af8d224fa7382b1e3', 1, 5, '5000000000', '250000000', '2020-12-15 21:03:21', '2020-12-16 03:08:11'),
(104, 'f87497eeeba6c1fe616fd08bf384b25d4113c9e8ac0ab89072df6953f767d647', 3, '0xbd4422a555f7b62ab172c9c4b604bc59ceec082e', 1, '0x8f4561988cfe62fbd26e2f8af8d224fa7382b1e3', 1, 6, '5000000000', '250000000', '2020-12-15 21:03:21', '2020-12-16 03:08:11'),
(105, 'f87497eeeba6c1fe616fd08bf384b25d4113c9e8ac0ab89072df6953f767d647', 3, '0xbd4422a555f7b62ab172c9c4b604bc59ceec082e', 1, '0x8f4561988cfe62fbd26e2f8af8d224fa7382b1e3', 1, 7, '5000000000', '250000000', '2020-12-15 21:03:21', '2020-12-16 03:08:11'),
(106, 'f87497eeeba6c1fe616fd08bf384b25d4113c9e8ac0ab89072df6953f767d647', 3, '0xbd4422a555f7b62ab172c9c4b604bc59ceec082e', 1, '0x8f4561988cfe62fbd26e2f8af8d224fa7382b1e3', 1, 8, '5000000000', '250000000', '2020-12-15 21:03:21', '2020-12-16 03:08:11'),
(107, 'f87497eeeba6c1fe616fd08bf384b25d4113c9e8ac0ab89072df6953f767d647', 3, '0xbd4422a555f7b62ab172c9c4b604bc59ceec082e', 1, '0x8f4561988cfe62fbd26e2f8af8d224fa7382b1e3', 1, 9, '5000000000', '250000000', '2020-12-15 21:03:21', '2020-12-16 03:08:11'),
(108, 'dc961461a21487d518c4dc703b5351a3925fc63a846d482306a374f219810139', 3, '0xbd4422a555f7b62ab172c9c4b604bc59ceec082e', 2, '0x5a070474e15ffd977b2b18db52ca9a6f1581e90d', 0, 4, '10000000000', '2500000000', '2020-12-15 21:09:33', '2020-12-16 03:08:11'),
(109, 'dc961461a21487d518c4dc703b5351a3925fc63a846d482306a374f219810139', 3, '0xbd4422a555f7b62ab172c9c4b604bc59ceec082e', 1, '0x8f4561988cfe62fbd26e2f8af8d224fa7382b1e3', 0, 4, '10000000000', '2500000000', '2020-12-15 21:09:33', '2020-12-16 03:08:11'),
(110, 'dc961461a21487d518c4dc703b5351a3925fc63a846d482306a374f219810139', 3, '0xbd4422a555f7b62ab172c9c4b604bc59ceec082e', 1, '0x8f4561988cfe62fbd26e2f8af8d224fa7382b1e3', 1, 0, '10000000000', '500000000', '2020-12-15 21:09:33', '2020-12-16 03:08:11'),
(111, 'dc961461a21487d518c4dc703b5351a3925fc63a846d482306a374f219810139', 3, '0xbd4422a555f7b62ab172c9c4b604bc59ceec082e', 1, '0x8f4561988cfe62fbd26e2f8af8d224fa7382b1e3', 1, 1, '10000000000', '500000000', '2020-12-15 21:09:33', '2020-12-16 03:08:12'),
(112, 'dc961461a21487d518c4dc703b5351a3925fc63a846d482306a374f219810139', 3, '0xbd4422a555f7b62ab172c9c4b604bc59ceec082e', 1, '0x8f4561988cfe62fbd26e2f8af8d224fa7382b1e3', 1, 2, '10000000000', '500000000', '2020-12-15 21:09:33', '2020-12-16 03:08:12'),
(113, 'dc961461a21487d518c4dc703b5351a3925fc63a846d482306a374f219810139', 3, '0xbd4422a555f7b62ab172c9c4b604bc59ceec082e', 1, '0x8f4561988cfe62fbd26e2f8af8d224fa7382b1e3', 1, 3, '10000000000', '500000000', '2020-12-15 21:09:33', '2020-12-16 03:08:12'),
(114, 'dc961461a21487d518c4dc703b5351a3925fc63a846d482306a374f219810139', 3, '0xbd4422a555f7b62ab172c9c4b604bc59ceec082e', 1, '0x8f4561988cfe62fbd26e2f8af8d224fa7382b1e3', 1, 4, '10000000000', '500000000', '2020-12-15 21:09:33', '2020-12-16 03:08:12'),
(115, 'dc961461a21487d518c4dc703b5351a3925fc63a846d482306a374f219810139', 3, '0xbd4422a555f7b62ab172c9c4b604bc59ceec082e', 1, '0x8f4561988cfe62fbd26e2f8af8d224fa7382b1e3', 1, 5, '10000000000', '500000000', '2020-12-15 21:09:33', '2020-12-16 03:08:12'),
(116, 'dc961461a21487d518c4dc703b5351a3925fc63a846d482306a374f219810139', 3, '0xbd4422a555f7b62ab172c9c4b604bc59ceec082e', 2, '0x5a070474e15ffd977b2b18db52ca9a6f1581e90d', 0, 4, '10000000000', '2500000000', '2020-12-15 21:09:33', '2020-12-16 03:14:40'),
(117, 'dc961461a21487d518c4dc703b5351a3925fc63a846d482306a374f219810139', 3, '0xbd4422a555f7b62ab172c9c4b604bc59ceec082e', 1, '0x8f4561988cfe62fbd26e2f8af8d224fa7382b1e3', 0, 4, '10000000000', '2500000000', '2020-12-15 21:09:33', '2020-12-16 03:14:40'),
(118, 'dc961461a21487d518c4dc703b5351a3925fc63a846d482306a374f219810139', 3, '0xbd4422a555f7b62ab172c9c4b604bc59ceec082e', 1, '0x8f4561988cfe62fbd26e2f8af8d224fa7382b1e3', 1, 0, '10000000000', '500000000', '2020-12-15 21:09:33', '2020-12-16 03:14:40'),
(119, 'dc961461a21487d518c4dc703b5351a3925fc63a846d482306a374f219810139', 3, '0xbd4422a555f7b62ab172c9c4b604bc59ceec082e', 1, '0x8f4561988cfe62fbd26e2f8af8d224fa7382b1e3', 1, 1, '10000000000', '500000000', '2020-12-15 21:09:33', '2020-12-16 03:14:40'),
(120, 'dc961461a21487d518c4dc703b5351a3925fc63a846d482306a374f219810139', 3, '0xbd4422a555f7b62ab172c9c4b604bc59ceec082e', 1, '0x8f4561988cfe62fbd26e2f8af8d224fa7382b1e3', 1, 2, '10000000000', '500000000', '2020-12-15 21:09:33', '2020-12-16 03:14:40'),
(121, 'dc961461a21487d518c4dc703b5351a3925fc63a846d482306a374f219810139', 3, '0xbd4422a555f7b62ab172c9c4b604bc59ceec082e', 1, '0x8f4561988cfe62fbd26e2f8af8d224fa7382b1e3', 1, 3, '10000000000', '500000000', '2020-12-15 21:09:33', '2020-12-16 03:14:40'),
(122, 'dc961461a21487d518c4dc703b5351a3925fc63a846d482306a374f219810139', 3, '0xbd4422a555f7b62ab172c9c4b604bc59ceec082e', 1, '0x8f4561988cfe62fbd26e2f8af8d224fa7382b1e3', 1, 4, '10000000000', '500000000', '2020-12-15 21:09:33', '2020-12-16 03:14:40'),
(123, 'dc961461a21487d518c4dc703b5351a3925fc63a846d482306a374f219810139', 3, '0xbd4422a555f7b62ab172c9c4b604bc59ceec082e', 1, '0x8f4561988cfe62fbd26e2f8af8d224fa7382b1e3', 1, 5, '10000000000', '500000000', '2020-12-15 21:09:33', '2020-12-16 03:14:41'),
(124, 'dc961461a21487d518c4dc703b5351a3925fc63a846d482306a374f219810139', 3, '0xbd4422a555f7b62ab172c9c4b604bc59ceec082e', 1, '0x8f4561988cfe62fbd26e2f8af8d224fa7382b1e3', 1, 6, '10000000000', '500000000', '2020-12-15 21:09:33', '2020-12-16 03:14:41'),
(125, 'dc961461a21487d518c4dc703b5351a3925fc63a846d482306a374f219810139', 3, '0xbd4422a555f7b62ab172c9c4b604bc59ceec082e', 1, '0x8f4561988cfe62fbd26e2f8af8d224fa7382b1e3', 1, 7, '10000000000', '500000000', '2020-12-15 21:09:33', '2020-12-16 03:14:41'),
(126, 'dc961461a21487d518c4dc703b5351a3925fc63a846d482306a374f219810139', 3, '0xbd4422a555f7b62ab172c9c4b604bc59ceec082e', 1, '0x8f4561988cfe62fbd26e2f8af8d224fa7382b1e3', 1, 8, '10000000000', '500000000', '2020-12-15 21:09:33', '2020-12-16 03:14:41'),
(127, 'dc961461a21487d518c4dc703b5351a3925fc63a846d482306a374f219810139', 3, '0xbd4422a555f7b62ab172c9c4b604bc59ceec082e', 1, '0x8f4561988cfe62fbd26e2f8af8d224fa7382b1e3', 1, 9, '10000000000', '500000000', '2020-12-15 21:09:33', '2020-12-16 03:14:41'),
(128, 'bb09e22425a89e7a3dbfc0f11b57961ba2e4106021afb9fea2cb7d669af5b807', 4, '0x55555b502c980c7080b029f39e6dc5a2fe8e3f16', 2, '0x5a070474e15ffd977b2b18db52ca9a6f1581e90d', 0, 1, '1000000000', '500000000', '2020-12-15 21:18:54', '2020-12-15 21:18:54'),
(129, 'bb09e22425a89e7a3dbfc0f11b57961ba2e4106021afb9fea2cb7d669af5b807', 4, '0x55555b502c980c7080b029f39e6dc5a2fe8e3f16', 2, '0x5a070474e15ffd977b2b18db52ca9a6f1581e90d', 1, 0, '1000000000', '50000000', '2020-12-15 21:18:54', '2020-12-15 21:18:54'),
(130, 'bb09e22425a89e7a3dbfc0f11b57961ba2e4106021afb9fea2cb7d669af5b807', 4, '0x55555b502c980c7080b029f39e6dc5a2fe8e3f16', 1, '0x8f4561988cfe62fbd26e2f8af8d224fa7382b1e3', 1, 1, '1000000000', '50000000', '2020-12-15 21:18:54', '2020-12-15 21:18:54'),
(131, 'bb09e22425a89e7a3dbfc0f11b57961ba2e4106021afb9fea2cb7d669af5b807', 4, '0x55555b502c980c7080b029f39e6dc5a2fe8e3f16', 1, '0x8f4561988cfe62fbd26e2f8af8d224fa7382b1e3', 1, 2, '1000000000', '50000000', '2020-12-15 21:18:54', '2020-12-15 21:18:54'),
(132, 'bb09e22425a89e7a3dbfc0f11b57961ba2e4106021afb9fea2cb7d669af5b807', 4, '0x55555b502c980c7080b029f39e6dc5a2fe8e3f16', 1, '0x8f4561988cfe62fbd26e2f8af8d224fa7382b1e3', 1, 3, '1000000000', '50000000', '2020-12-15 21:18:54', '2020-12-15 21:18:54'),
(133, 'bb09e22425a89e7a3dbfc0f11b57961ba2e4106021afb9fea2cb7d669af5b807', 4, '0x55555b502c980c7080b029f39e6dc5a2fe8e3f16', 1, '0x8f4561988cfe62fbd26e2f8af8d224fa7382b1e3', 1, 4, '1000000000', '50000000', '2020-12-15 21:18:54', '2020-12-15 21:18:54'),
(134, 'bb09e22425a89e7a3dbfc0f11b57961ba2e4106021afb9fea2cb7d669af5b807', 4, '0x55555b502c980c7080b029f39e6dc5a2fe8e3f16', 1, '0x8f4561988cfe62fbd26e2f8af8d224fa7382b1e3', 1, 5, '1000000000', '50000000', '2020-12-15 21:18:54', '2020-12-15 21:18:54'),
(135, 'bb09e22425a89e7a3dbfc0f11b57961ba2e4106021afb9fea2cb7d669af5b807', 4, '0x55555b502c980c7080b029f39e6dc5a2fe8e3f16', 1, '0x8f4561988cfe62fbd26e2f8af8d224fa7382b1e3', 1, 6, '1000000000', '50000000', '2020-12-15 21:18:54', '2020-12-15 21:18:54'),
(136, 'bb09e22425a89e7a3dbfc0f11b57961ba2e4106021afb9fea2cb7d669af5b807', 4, '0x55555b502c980c7080b029f39e6dc5a2fe8e3f16', 1, '0x8f4561988cfe62fbd26e2f8af8d224fa7382b1e3', 1, 7, '1000000000', '50000000', '2020-12-15 21:18:54', '2020-12-15 21:18:54'),
(137, 'bb09e22425a89e7a3dbfc0f11b57961ba2e4106021afb9fea2cb7d669af5b807', 4, '0x55555b502c980c7080b029f39e6dc5a2fe8e3f16', 1, '0x8f4561988cfe62fbd26e2f8af8d224fa7382b1e3', 1, 8, '1000000000', '50000000', '2020-12-15 21:18:54', '2020-12-15 21:18:54'),
(138, 'bb09e22425a89e7a3dbfc0f11b57961ba2e4106021afb9fea2cb7d669af5b807', 4, '0x55555b502c980c7080b029f39e6dc5a2fe8e3f16', 1, '0x8f4561988cfe62fbd26e2f8af8d224fa7382b1e3', 1, 9, '1000000000', '50000000', '2020-12-15 21:18:54', '2020-12-15 21:18:54'),
(139, 'f886f1d81e85343048ab1c40c014995ecb229bc172da92e64feb095a66c4b098', 2, '0x5a070474e15ffd977b2b18db52ca9a6f1581e90d', 1, '0x8f4561988cfe62fbd26e2f8af8d224fa7382b1e3', 0, 3, '5000000000', '2500000000', '2020-12-15 21:16:06', '2020-12-16 03:41:53'),
(140, 'f886f1d81e85343048ab1c40c014995ecb229bc172da92e64feb095a66c4b098', 2, '0x5a070474e15ffd977b2b18db52ca9a6f1581e90d', 1, '0x8f4561988cfe62fbd26e2f8af8d224fa7382b1e3', 1, 0, '5000000000', '250000000', '2020-12-15 21:16:06', '2020-12-16 03:41:53'),
(141, 'f886f1d81e85343048ab1c40c014995ecb229bc172da92e64feb095a66c4b098', 2, '0x5a070474e15ffd977b2b18db52ca9a6f1581e90d', 1, '0x8f4561988cfe62fbd26e2f8af8d224fa7382b1e3', 1, 1, '5000000000', '250000000', '2020-12-15 21:16:06', '2020-12-16 03:41:53'),
(142, 'f886f1d81e85343048ab1c40c014995ecb229bc172da92e64feb095a66c4b098', 2, '0x5a070474e15ffd977b2b18db52ca9a6f1581e90d', 1, '0x8f4561988cfe62fbd26e2f8af8d224fa7382b1e3', 1, 2, '5000000000', '250000000', '2020-12-15 21:16:06', '2020-12-16 03:41:53'),
(143, 'f886f1d81e85343048ab1c40c014995ecb229bc172da92e64feb095a66c4b098', 2, '0x5a070474e15ffd977b2b18db52ca9a6f1581e90d', 1, '0x8f4561988cfe62fbd26e2f8af8d224fa7382b1e3', 1, 3, '5000000000', '250000000', '2020-12-15 21:16:06', '2020-12-16 03:41:53'),
(144, 'f886f1d81e85343048ab1c40c014995ecb229bc172da92e64feb095a66c4b098', 2, '0x5a070474e15ffd977b2b18db52ca9a6f1581e90d', 1, '0x8f4561988cfe62fbd26e2f8af8d224fa7382b1e3', 1, 4, '5000000000', '250000000', '2020-12-15 21:16:06', '2020-12-16 03:41:53'),
(145, 'f886f1d81e85343048ab1c40c014995ecb229bc172da92e64feb095a66c4b098', 2, '0x5a070474e15ffd977b2b18db52ca9a6f1581e90d', 1, '0x8f4561988cfe62fbd26e2f8af8d224fa7382b1e3', 1, 5, '5000000000', '250000000', '2020-12-15 21:16:06', '2020-12-16 03:41:54'),
(146, 'f886f1d81e85343048ab1c40c014995ecb229bc172da92e64feb095a66c4b098', 2, '0x5a070474e15ffd977b2b18db52ca9a6f1581e90d', 1, '0x8f4561988cfe62fbd26e2f8af8d224fa7382b1e3', 1, 6, '5000000000', '250000000', '2020-12-15 21:16:06', '2020-12-16 03:41:54'),
(147, 'f886f1d81e85343048ab1c40c014995ecb229bc172da92e64feb095a66c4b098', 2, '0x5a070474e15ffd977b2b18db52ca9a6f1581e90d', 1, '0x8f4561988cfe62fbd26e2f8af8d224fa7382b1e3', 1, 7, '5000000000', '250000000', '2020-12-15 21:16:06', '2020-12-16 03:41:54'),
(148, 'f886f1d81e85343048ab1c40c014995ecb229bc172da92e64feb095a66c4b098', 2, '0x5a070474e15ffd977b2b18db52ca9a6f1581e90d', 1, '0x8f4561988cfe62fbd26e2f8af8d224fa7382b1e3', 1, 8, '5000000000', '250000000', '2020-12-15 21:16:06', '2020-12-16 03:41:54'),
(149, 'f886f1d81e85343048ab1c40c014995ecb229bc172da92e64feb095a66c4b098', 2, '0x5a070474e15ffd977b2b18db52ca9a6f1581e90d', 1, '0x8f4561988cfe62fbd26e2f8af8d224fa7382b1e3', 1, 9, '5000000000', '250000000', '2020-12-15 21:16:06', '2020-12-16 03:41:54'),
(150, 'bb09e22425a89e7a3dbfc0f11b57961ba2e4106021afb9fea2cb7d669af5b807', 4, '0x55555b502c980c7080b029f39e6dc5a2fe8e3f16', 2, '0x5a070474e15ffd977b2b18db52ca9a6f1581e90d', 0, 1, '1000000000', '500000000', '2020-12-15 21:18:54', '2020-12-16 03:41:54'),
(151, 'bb09e22425a89e7a3dbfc0f11b57961ba2e4106021afb9fea2cb7d669af5b807', 4, '0x55555b502c980c7080b029f39e6dc5a2fe8e3f16', 2, '0x5a070474e15ffd977b2b18db52ca9a6f1581e90d', 1, 0, '1000000000', '50000000', '2020-12-15 21:18:54', '2020-12-16 03:41:54'),
(152, 'bb09e22425a89e7a3dbfc0f11b57961ba2e4106021afb9fea2cb7d669af5b807', 4, '0x55555b502c980c7080b029f39e6dc5a2fe8e3f16', 1, '0x8f4561988cfe62fbd26e2f8af8d224fa7382b1e3', 1, 1, '1000000000', '50000000', '2020-12-15 21:18:54', '2020-12-16 03:41:55'),
(153, 'bb09e22425a89e7a3dbfc0f11b57961ba2e4106021afb9fea2cb7d669af5b807', 4, '0x55555b502c980c7080b029f39e6dc5a2fe8e3f16', 1, '0x8f4561988cfe62fbd26e2f8af8d224fa7382b1e3', 1, 2, '1000000000', '50000000', '2020-12-15 21:18:54', '2020-12-16 03:41:55'),
(154, 'bb09e22425a89e7a3dbfc0f11b57961ba2e4106021afb9fea2cb7d669af5b807', 4, '0x55555b502c980c7080b029f39e6dc5a2fe8e3f16', 1, '0x8f4561988cfe62fbd26e2f8af8d224fa7382b1e3', 1, 3, '1000000000', '50000000', '2020-12-15 21:18:54', '2020-12-16 03:41:55'),
(155, 'bb09e22425a89e7a3dbfc0f11b57961ba2e4106021afb9fea2cb7d669af5b807', 4, '0x55555b502c980c7080b029f39e6dc5a2fe8e3f16', 1, '0x8f4561988cfe62fbd26e2f8af8d224fa7382b1e3', 1, 4, '1000000000', '50000000', '2020-12-15 21:18:54', '2020-12-16 03:41:55'),
(156, 'bb09e22425a89e7a3dbfc0f11b57961ba2e4106021afb9fea2cb7d669af5b807', 4, '0x55555b502c980c7080b029f39e6dc5a2fe8e3f16', 1, '0x8f4561988cfe62fbd26e2f8af8d224fa7382b1e3', 1, 5, '1000000000', '50000000', '2020-12-15 21:18:54', '2020-12-16 03:41:55'),
(157, 'bb09e22425a89e7a3dbfc0f11b57961ba2e4106021afb9fea2cb7d669af5b807', 4, '0x55555b502c980c7080b029f39e6dc5a2fe8e3f16', 1, '0x8f4561988cfe62fbd26e2f8af8d224fa7382b1e3', 1, 6, '1000000000', '50000000', '2020-12-15 21:18:54', '2020-12-16 03:41:55'),
(158, 'bb09e22425a89e7a3dbfc0f11b57961ba2e4106021afb9fea2cb7d669af5b807', 4, '0x55555b502c980c7080b029f39e6dc5a2fe8e3f16', 1, '0x8f4561988cfe62fbd26e2f8af8d224fa7382b1e3', 1, 7, '1000000000', '50000000', '2020-12-15 21:18:54', '2020-12-16 03:41:55'),
(159, 'a3f611476a878c35fcecd85dec82980962d640df1f617728a9b83b0e05ee1779', 4, '0x55555b502c980c7080b029f39e6dc5a2fe8e3f16', 2, '0x5a070474e15ffd977b2b18db52ca9a6f1581e90d', 0, 2, '2000000000', '1000000000', '2020-12-15 21:40:39', '2020-12-16 03:42:18'),
(160, 'a3f611476a878c35fcecd85dec82980962d640df1f617728a9b83b0e05ee1779', 4, '0x55555b502c980c7080b029f39e6dc5a2fe8e3f16', 2, '0x5a070474e15ffd977b2b18db52ca9a6f1581e90d', 1, 0, '2000000000', '100000000', '2020-12-15 21:40:39', '2020-12-16 03:42:19'),
(161, 'a3f611476a878c35fcecd85dec82980962d640df1f617728a9b83b0e05ee1779', 4, '0x55555b502c980c7080b029f39e6dc5a2fe8e3f16', 1, '0x8f4561988cfe62fbd26e2f8af8d224fa7382b1e3', 1, 1, '2000000000', '100000000', '2020-12-15 21:40:39', '2020-12-16 03:42:19'),
(162, 'a3f611476a878c35fcecd85dec82980962d640df1f617728a9b83b0e05ee1779', 4, '0x55555b502c980c7080b029f39e6dc5a2fe8e3f16', 1, '0x8f4561988cfe62fbd26e2f8af8d224fa7382b1e3', 1, 2, '2000000000', '100000000', '2020-12-15 21:40:39', '2020-12-16 03:42:19'),
(163, 'a3f611476a878c35fcecd85dec82980962d640df1f617728a9b83b0e05ee1779', 4, '0x55555b502c980c7080b029f39e6dc5a2fe8e3f16', 1, '0x8f4561988cfe62fbd26e2f8af8d224fa7382b1e3', 1, 3, '2000000000', '100000000', '2020-12-15 21:40:39', '2020-12-16 03:42:19'),
(164, 'a3f611476a878c35fcecd85dec82980962d640df1f617728a9b83b0e05ee1779', 4, '0x55555b502c980c7080b029f39e6dc5a2fe8e3f16', 1, '0x8f4561988cfe62fbd26e2f8af8d224fa7382b1e3', 1, 4, '2000000000', '100000000', '2020-12-15 21:40:39', '2020-12-16 03:42:19'),
(165, 'a3f611476a878c35fcecd85dec82980962d640df1f617728a9b83b0e05ee1779', 4, '0x55555b502c980c7080b029f39e6dc5a2fe8e3f16', 1, '0x8f4561988cfe62fbd26e2f8af8d224fa7382b1e3', 1, 5, '2000000000', '100000000', '2020-12-15 21:40:39', '2020-12-16 03:42:19'),
(166, 'a3f611476a878c35fcecd85dec82980962d640df1f617728a9b83b0e05ee1779', 4, '0x55555b502c980c7080b029f39e6dc5a2fe8e3f16', 1, '0x8f4561988cfe62fbd26e2f8af8d224fa7382b1e3', 1, 6, '2000000000', '100000000', '2020-12-15 21:40:39', '2020-12-16 03:42:19'),
(167, 'a3f611476a878c35fcecd85dec82980962d640df1f617728a9b83b0e05ee1779', 4, '0x55555b502c980c7080b029f39e6dc5a2fe8e3f16', 1, '0x8f4561988cfe62fbd26e2f8af8d224fa7382b1e3', 1, 7, '2000000000', '100000000', '2020-12-15 21:40:39', '2020-12-16 03:42:19'),
(168, 'a3f611476a878c35fcecd85dec82980962d640df1f617728a9b83b0e05ee1779', 4, '0x55555b502c980c7080b029f39e6dc5a2fe8e3f16', 1, '0x8f4561988cfe62fbd26e2f8af8d224fa7382b1e3', 1, 8, '2000000000', '100000000', '2020-12-15 21:40:39', '2020-12-16 03:42:19'),
(169, 'a3f611476a878c35fcecd85dec82980962d640df1f617728a9b83b0e05ee1779', 4, '0x55555b502c980c7080b029f39e6dc5a2fe8e3f16', 1, '0x8f4561988cfe62fbd26e2f8af8d224fa7382b1e3', 1, 9, '2000000000', '100000000', '2020-12-15 21:40:39', '2020-12-16 03:42:20'),
(170, 'f87497eeeba6c1fe616fd08bf384b25d4113c9e8ac0ab89072df6953f767d647', 3, '0xbd4422a555f7b62ab172c9c4b604bc59ceec082e', 2, '0x5a070474e15ffd977b2b18db52ca9a6f1581e90d', 0, 3, '5000000000', '1250000000', '2020-12-16 00:03:21', '2020-12-16 02:33:02'),
(171, 'f87497eeeba6c1fe616fd08bf384b25d4113c9e8ac0ab89072df6953f767d647', 3, '0xbd4422a555f7b62ab172c9c4b604bc59ceec082e', 1, '0x8f4561988cfe62fbd26e2f8af8d224fa7382b1e3', 0, 3, '5000000000', '1250000000', '2020-12-16 00:03:21', '2020-12-16 02:33:02'),
(172, 'f87497eeeba6c1fe616fd08bf384b25d4113c9e8ac0ab89072df6953f767d647', 3, '0xbd4422a555f7b62ab172c9c4b604bc59ceec082e', 1, '0x8f4561988cfe62fbd26e2f8af8d224fa7382b1e3', 1, 0, '5000000000', '250000000', '2020-12-16 00:03:21', '2020-12-16 02:33:02'),
(173, 'f87497eeeba6c1fe616fd08bf384b25d4113c9e8ac0ab89072df6953f767d647', 3, '0xbd4422a555f7b62ab172c9c4b604bc59ceec082e', 1, '0x8f4561988cfe62fbd26e2f8af8d224fa7382b1e3', 1, 1, '5000000000', '250000000', '2020-12-16 00:03:21', '2020-12-16 02:33:02'),
(174, 'f87497eeeba6c1fe616fd08bf384b25d4113c9e8ac0ab89072df6953f767d647', 3, '0xbd4422a555f7b62ab172c9c4b604bc59ceec082e', 1, '0x8f4561988cfe62fbd26e2f8af8d224fa7382b1e3', 1, 2, '5000000000', '250000000', '2020-12-16 00:03:21', '2020-12-16 02:33:02'),
(175, 'f87497eeeba6c1fe616fd08bf384b25d4113c9e8ac0ab89072df6953f767d647', 3, '0xbd4422a555f7b62ab172c9c4b604bc59ceec082e', 1, '0x8f4561988cfe62fbd26e2f8af8d224fa7382b1e3', 1, 3, '5000000000', '250000000', '2020-12-16 00:03:21', '2020-12-16 02:33:02'),
(176, 'f87497eeeba6c1fe616fd08bf384b25d4113c9e8ac0ab89072df6953f767d647', 3, '0xbd4422a555f7b62ab172c9c4b604bc59ceec082e', 1, '0x8f4561988cfe62fbd26e2f8af8d224fa7382b1e3', 1, 4, '5000000000', '250000000', '2020-12-16 00:03:21', '2020-12-16 02:33:02'),
(177, 'f87497eeeba6c1fe616fd08bf384b25d4113c9e8ac0ab89072df6953f767d647', 3, '0xbd4422a555f7b62ab172c9c4b604bc59ceec082e', 1, '0x8f4561988cfe62fbd26e2f8af8d224fa7382b1e3', 1, 5, '5000000000', '250000000', '2020-12-16 00:03:21', '2020-12-16 02:33:02'),
(178, 'f87497eeeba6c1fe616fd08bf384b25d4113c9e8ac0ab89072df6953f767d647', 3, '0xbd4422a555f7b62ab172c9c4b604bc59ceec082e', 1, '0x8f4561988cfe62fbd26e2f8af8d224fa7382b1e3', 1, 6, '5000000000', '250000000', '2020-12-16 00:03:21', '2020-12-16 02:33:02'),
(179, 'f87497eeeba6c1fe616fd08bf384b25d4113c9e8ac0ab89072df6953f767d647', 3, '0xbd4422a555f7b62ab172c9c4b604bc59ceec082e', 1, '0x8f4561988cfe62fbd26e2f8af8d224fa7382b1e3', 1, 7, '5000000000', '250000000', '2020-12-16 00:03:21', '2020-12-16 02:33:02'),
(180, 'f87497eeeba6c1fe616fd08bf384b25d4113c9e8ac0ab89072df6953f767d647', 3, '0xbd4422a555f7b62ab172c9c4b604bc59ceec082e', 1, '0x8f4561988cfe62fbd26e2f8af8d224fa7382b1e3', 1, 8, '5000000000', '250000000', '2020-12-16 00:03:21', '2020-12-16 02:33:02'),
(181, 'f87497eeeba6c1fe616fd08bf384b25d4113c9e8ac0ab89072df6953f767d647', 3, '0xbd4422a555f7b62ab172c9c4b604bc59ceec082e', 1, '0x8f4561988cfe62fbd26e2f8af8d224fa7382b1e3', 1, 9, '5000000000', '250000000', '2020-12-16 00:03:21', '2020-12-16 02:33:02'),
(182, 'dc961461a21487d518c4dc703b5351a3925fc63a846d482306a374f219810139', 3, '0xbd4422a555f7b62ab172c9c4b604bc59ceec082e', 2, '0x5a070474e15ffd977b2b18db52ca9a6f1581e90d', 0, 4, '10000000000', '2500000000', '2020-12-16 00:09:33', '2020-12-16 02:33:02'),
(183, 'dc961461a21487d518c4dc703b5351a3925fc63a846d482306a374f219810139', 3, '0xbd4422a555f7b62ab172c9c4b604bc59ceec082e', 1, '0x8f4561988cfe62fbd26e2f8af8d224fa7382b1e3', 0, 4, '10000000000', '2500000000', '2020-12-16 00:09:33', '2020-12-16 02:33:02'),
(184, 'dc961461a21487d518c4dc703b5351a3925fc63a846d482306a374f219810139', 3, '0xbd4422a555f7b62ab172c9c4b604bc59ceec082e', 1, '0x8f4561988cfe62fbd26e2f8af8d224fa7382b1e3', 1, 0, '10000000000', '500000000', '2020-12-16 00:09:33', '2020-12-16 02:33:02'),
(185, 'dc961461a21487d518c4dc703b5351a3925fc63a846d482306a374f219810139', 3, '0xbd4422a555f7b62ab172c9c4b604bc59ceec082e', 1, '0x8f4561988cfe62fbd26e2f8af8d224fa7382b1e3', 1, 1, '10000000000', '500000000', '2020-12-16 00:09:33', '2020-12-16 02:33:02'),
(186, 'dc961461a21487d518c4dc703b5351a3925fc63a846d482306a374f219810139', 3, '0xbd4422a555f7b62ab172c9c4b604bc59ceec082e', 1, '0x8f4561988cfe62fbd26e2f8af8d224fa7382b1e3', 1, 2, '10000000000', '500000000', '2020-12-16 00:09:33', '2020-12-16 02:33:02'),
(187, 'dc961461a21487d518c4dc703b5351a3925fc63a846d482306a374f219810139', 3, '0xbd4422a555f7b62ab172c9c4b604bc59ceec082e', 1, '0x8f4561988cfe62fbd26e2f8af8d224fa7382b1e3', 1, 3, '10000000000', '500000000', '2020-12-16 00:09:33', '2020-12-16 02:33:02'),
(188, 'dc961461a21487d518c4dc703b5351a3925fc63a846d482306a374f219810139', 3, '0xbd4422a555f7b62ab172c9c4b604bc59ceec082e', 1, '0x8f4561988cfe62fbd26e2f8af8d224fa7382b1e3', 1, 4, '10000000000', '500000000', '2020-12-16 00:09:33', '2020-12-16 02:33:02'),
(189, 'dc961461a21487d518c4dc703b5351a3925fc63a846d482306a374f219810139', 3, '0xbd4422a555f7b62ab172c9c4b604bc59ceec082e', 1, '0x8f4561988cfe62fbd26e2f8af8d224fa7382b1e3', 1, 5, '10000000000', '500000000', '2020-12-16 00:09:33', '2020-12-16 02:33:02'),
(190, 'dc961461a21487d518c4dc703b5351a3925fc63a846d482306a374f219810139', 3, '0xbd4422a555f7b62ab172c9c4b604bc59ceec082e', 2, '0x5a070474e15ffd977b2b18db52ca9a6f1581e90d', 0, 4, '10000000000', '2500000000', '2020-12-16 00:09:33', '2020-12-16 02:33:03'),
(191, 'dc961461a21487d518c4dc703b5351a3925fc63a846d482306a374f219810139', 3, '0xbd4422a555f7b62ab172c9c4b604bc59ceec082e', 1, '0x8f4561988cfe62fbd26e2f8af8d224fa7382b1e3', 0, 4, '10000000000', '2500000000', '2020-12-16 00:09:33', '2020-12-16 02:33:03'),
(192, 'dc961461a21487d518c4dc703b5351a3925fc63a846d482306a374f219810139', 3, '0xbd4422a555f7b62ab172c9c4b604bc59ceec082e', 1, '0x8f4561988cfe62fbd26e2f8af8d224fa7382b1e3', 1, 0, '10000000000', '500000000', '2020-12-16 00:09:33', '2020-12-16 02:33:03'),
(193, 'dc961461a21487d518c4dc703b5351a3925fc63a846d482306a374f219810139', 3, '0xbd4422a555f7b62ab172c9c4b604bc59ceec082e', 1, '0x8f4561988cfe62fbd26e2f8af8d224fa7382b1e3', 1, 1, '10000000000', '500000000', '2020-12-16 00:09:33', '2020-12-16 02:33:03'),
(194, 'dc961461a21487d518c4dc703b5351a3925fc63a846d482306a374f219810139', 3, '0xbd4422a555f7b62ab172c9c4b604bc59ceec082e', 1, '0x8f4561988cfe62fbd26e2f8af8d224fa7382b1e3', 1, 2, '10000000000', '500000000', '2020-12-16 00:09:33', '2020-12-16 02:33:03'),
(195, 'dc961461a21487d518c4dc703b5351a3925fc63a846d482306a374f219810139', 3, '0xbd4422a555f7b62ab172c9c4b604bc59ceec082e', 1, '0x8f4561988cfe62fbd26e2f8af8d224fa7382b1e3', 1, 3, '10000000000', '500000000', '2020-12-16 00:09:33', '2020-12-16 02:33:03'),
(196, 'dc961461a21487d518c4dc703b5351a3925fc63a846d482306a374f219810139', 3, '0xbd4422a555f7b62ab172c9c4b604bc59ceec082e', 1, '0x8f4561988cfe62fbd26e2f8af8d224fa7382b1e3', 1, 4, '10000000000', '500000000', '2020-12-16 00:09:33', '2020-12-16 02:33:03'),
(197, 'dc961461a21487d518c4dc703b5351a3925fc63a846d482306a374f219810139', 3, '0xbd4422a555f7b62ab172c9c4b604bc59ceec082e', 1, '0x8f4561988cfe62fbd26e2f8af8d224fa7382b1e3', 1, 5, '10000000000', '500000000', '2020-12-16 00:09:33', '2020-12-16 02:33:03'),
(198, 'dc961461a21487d518c4dc703b5351a3925fc63a846d482306a374f219810139', 3, '0xbd4422a555f7b62ab172c9c4b604bc59ceec082e', 1, '0x8f4561988cfe62fbd26e2f8af8d224fa7382b1e3', 1, 6, '10000000000', '500000000', '2020-12-16 00:09:33', '2020-12-16 02:33:03'),
(199, 'dc961461a21487d518c4dc703b5351a3925fc63a846d482306a374f219810139', 3, '0xbd4422a555f7b62ab172c9c4b604bc59ceec082e', 1, '0x8f4561988cfe62fbd26e2f8af8d224fa7382b1e3', 1, 7, '10000000000', '500000000', '2020-12-16 00:09:33', '2020-12-16 02:33:03'),
(200, 'dc961461a21487d518c4dc703b5351a3925fc63a846d482306a374f219810139', 3, '0xbd4422a555f7b62ab172c9c4b604bc59ceec082e', 1, '0x8f4561988cfe62fbd26e2f8af8d224fa7382b1e3', 1, 8, '10000000000', '500000000', '2020-12-16 00:09:33', '2020-12-16 02:33:03'),
(201, 'dc961461a21487d518c4dc703b5351a3925fc63a846d482306a374f219810139', 3, '0xbd4422a555f7b62ab172c9c4b604bc59ceec082e', 1, '0x8f4561988cfe62fbd26e2f8af8d224fa7382b1e3', 1, 9, '10000000000', '500000000', '2020-12-16 00:09:33', '2020-12-16 02:33:03'),
(202, 'f886f1d81e85343048ab1c40c014995ecb229bc172da92e64feb095a66c4b098', 2, '0x5a070474e15ffd977b2b18db52ca9a6f1581e90d', 1, '0x8f4561988cfe62fbd26e2f8af8d224fa7382b1e3', 0, 3, '5000000000', '2500000000', '2020-12-16 00:16:06', '2020-12-16 02:33:03'),
(203, 'f886f1d81e85343048ab1c40c014995ecb229bc172da92e64feb095a66c4b098', 2, '0x5a070474e15ffd977b2b18db52ca9a6f1581e90d', 1, '0x8f4561988cfe62fbd26e2f8af8d224fa7382b1e3', 1, 0, '5000000000', '250000000', '2020-12-16 00:16:06', '2020-12-16 02:33:03'),
(204, 'f886f1d81e85343048ab1c40c014995ecb229bc172da92e64feb095a66c4b098', 2, '0x5a070474e15ffd977b2b18db52ca9a6f1581e90d', 1, '0x8f4561988cfe62fbd26e2f8af8d224fa7382b1e3', 1, 1, '5000000000', '250000000', '2020-12-16 00:16:06', '2020-12-16 02:33:03'),
(205, 'f886f1d81e85343048ab1c40c014995ecb229bc172da92e64feb095a66c4b098', 2, '0x5a070474e15ffd977b2b18db52ca9a6f1581e90d', 1, '0x8f4561988cfe62fbd26e2f8af8d224fa7382b1e3', 1, 2, '5000000000', '250000000', '2020-12-16 00:16:06', '2020-12-16 02:33:03'),
(206, 'f886f1d81e85343048ab1c40c014995ecb229bc172da92e64feb095a66c4b098', 2, '0x5a070474e15ffd977b2b18db52ca9a6f1581e90d', 1, '0x8f4561988cfe62fbd26e2f8af8d224fa7382b1e3', 1, 3, '5000000000', '250000000', '2020-12-16 00:16:06', '2020-12-16 02:33:03'),
(207, 'f886f1d81e85343048ab1c40c014995ecb229bc172da92e64feb095a66c4b098', 2, '0x5a070474e15ffd977b2b18db52ca9a6f1581e90d', 1, '0x8f4561988cfe62fbd26e2f8af8d224fa7382b1e3', 1, 4, '5000000000', '250000000', '2020-12-16 00:16:06', '2020-12-16 02:33:03'),
(208, 'f886f1d81e85343048ab1c40c014995ecb229bc172da92e64feb095a66c4b098', 2, '0x5a070474e15ffd977b2b18db52ca9a6f1581e90d', 1, '0x8f4561988cfe62fbd26e2f8af8d224fa7382b1e3', 1, 5, '5000000000', '250000000', '2020-12-16 00:16:06', '2020-12-16 02:33:03'),
(209, 'f886f1d81e85343048ab1c40c014995ecb229bc172da92e64feb095a66c4b098', 2, '0x5a070474e15ffd977b2b18db52ca9a6f1581e90d', 1, '0x8f4561988cfe62fbd26e2f8af8d224fa7382b1e3', 1, 6, '5000000000', '250000000', '2020-12-16 00:16:06', '2020-12-16 02:33:03'),
(210, 'f886f1d81e85343048ab1c40c014995ecb229bc172da92e64feb095a66c4b098', 2, '0x5a070474e15ffd977b2b18db52ca9a6f1581e90d', 1, '0x8f4561988cfe62fbd26e2f8af8d224fa7382b1e3', 0, 3, '5000000000', '2500000000', '2020-12-16 00:16:06', '2020-12-16 02:33:03'),
(211, 'f886f1d81e85343048ab1c40c014995ecb229bc172da92e64feb095a66c4b098', 2, '0x5a070474e15ffd977b2b18db52ca9a6f1581e90d', 1, '0x8f4561988cfe62fbd26e2f8af8d224fa7382b1e3', 1, 0, '5000000000', '250000000', '2020-12-16 00:16:06', '2020-12-16 02:33:03'),
(212, 'f886f1d81e85343048ab1c40c014995ecb229bc172da92e64feb095a66c4b098', 2, '0x5a070474e15ffd977b2b18db52ca9a6f1581e90d', 1, '0x8f4561988cfe62fbd26e2f8af8d224fa7382b1e3', 1, 1, '5000000000', '250000000', '2020-12-16 00:16:06', '2020-12-16 02:33:03'),
(213, 'f886f1d81e85343048ab1c40c014995ecb229bc172da92e64feb095a66c4b098', 2, '0x5a070474e15ffd977b2b18db52ca9a6f1581e90d', 1, '0x8f4561988cfe62fbd26e2f8af8d224fa7382b1e3', 1, 2, '5000000000', '250000000', '2020-12-16 00:16:06', '2020-12-16 02:33:03'),
(214, 'f886f1d81e85343048ab1c40c014995ecb229bc172da92e64feb095a66c4b098', 2, '0x5a070474e15ffd977b2b18db52ca9a6f1581e90d', 1, '0x8f4561988cfe62fbd26e2f8af8d224fa7382b1e3', 1, 3, '5000000000', '250000000', '2020-12-16 00:16:06', '2020-12-16 02:33:03'),
(215, 'f886f1d81e85343048ab1c40c014995ecb229bc172da92e64feb095a66c4b098', 2, '0x5a070474e15ffd977b2b18db52ca9a6f1581e90d', 1, '0x8f4561988cfe62fbd26e2f8af8d224fa7382b1e3', 1, 4, '5000000000', '250000000', '2020-12-16 00:16:06', '2020-12-16 02:33:03'),
(216, 'f886f1d81e85343048ab1c40c014995ecb229bc172da92e64feb095a66c4b098', 2, '0x5a070474e15ffd977b2b18db52ca9a6f1581e90d', 1, '0x8f4561988cfe62fbd26e2f8af8d224fa7382b1e3', 1, 5, '5000000000', '250000000', '2020-12-16 00:16:06', '2020-12-16 02:33:03'),
(217, 'f886f1d81e85343048ab1c40c014995ecb229bc172da92e64feb095a66c4b098', 2, '0x5a070474e15ffd977b2b18db52ca9a6f1581e90d', 1, '0x8f4561988cfe62fbd26e2f8af8d224fa7382b1e3', 1, 6, '5000000000', '250000000', '2020-12-16 00:16:06', '2020-12-16 02:33:03'),
(218, 'f886f1d81e85343048ab1c40c014995ecb229bc172da92e64feb095a66c4b098', 2, '0x5a070474e15ffd977b2b18db52ca9a6f1581e90d', 1, '0x8f4561988cfe62fbd26e2f8af8d224fa7382b1e3', 1, 7, '5000000000', '250000000', '2020-12-16 00:16:06', '2020-12-16 02:33:03'),
(219, 'f886f1d81e85343048ab1c40c014995ecb229bc172da92e64feb095a66c4b098', 2, '0x5a070474e15ffd977b2b18db52ca9a6f1581e90d', 1, '0x8f4561988cfe62fbd26e2f8af8d224fa7382b1e3', 1, 8, '5000000000', '250000000', '2020-12-16 00:16:06', '2020-12-16 02:33:03'),
(220, 'f886f1d81e85343048ab1c40c014995ecb229bc172da92e64feb095a66c4b098', 2, '0x5a070474e15ffd977b2b18db52ca9a6f1581e90d', 1, '0x8f4561988cfe62fbd26e2f8af8d224fa7382b1e3', 1, 9, '5000000000', '250000000', '2020-12-16 00:16:06', '2020-12-16 02:33:03'),
(221, 'bb09e22425a89e7a3dbfc0f11b57961ba2e4106021afb9fea2cb7d669af5b807', 4, '0x55555b502c980c7080b029f39e6dc5a2fe8e3f16', 2, '0x5a070474e15ffd977b2b18db52ca9a6f1581e90d', 0, 1, '1000000000', '500000000', '2020-12-16 00:18:54', '2020-12-16 02:33:03'),
(222, 'bb09e22425a89e7a3dbfc0f11b57961ba2e4106021afb9fea2cb7d669af5b807', 4, '0x55555b502c980c7080b029f39e6dc5a2fe8e3f16', 2, '0x5a070474e15ffd977b2b18db52ca9a6f1581e90d', 1, 0, '1000000000', '50000000', '2020-12-16 00:18:54', '2020-12-16 02:33:03'),
(223, 'bb09e22425a89e7a3dbfc0f11b57961ba2e4106021afb9fea2cb7d669af5b807', 4, '0x55555b502c980c7080b029f39e6dc5a2fe8e3f16', 1, '0x8f4561988cfe62fbd26e2f8af8d224fa7382b1e3', 1, 1, '1000000000', '50000000', '2020-12-16 00:18:54', '2020-12-16 02:33:03'),
(224, 'bb09e22425a89e7a3dbfc0f11b57961ba2e4106021afb9fea2cb7d669af5b807', 4, '0x55555b502c980c7080b029f39e6dc5a2fe8e3f16', 1, '0x8f4561988cfe62fbd26e2f8af8d224fa7382b1e3', 1, 2, '1000000000', '50000000', '2020-12-16 00:18:54', '2020-12-16 02:33:03'),
(225, 'bb09e22425a89e7a3dbfc0f11b57961ba2e4106021afb9fea2cb7d669af5b807', 4, '0x55555b502c980c7080b029f39e6dc5a2fe8e3f16', 1, '0x8f4561988cfe62fbd26e2f8af8d224fa7382b1e3', 1, 3, '1000000000', '50000000', '2020-12-16 00:18:54', '2020-12-16 02:33:03'),
(226, 'bb09e22425a89e7a3dbfc0f11b57961ba2e4106021afb9fea2cb7d669af5b807', 4, '0x55555b502c980c7080b029f39e6dc5a2fe8e3f16', 1, '0x8f4561988cfe62fbd26e2f8af8d224fa7382b1e3', 1, 4, '1000000000', '50000000', '2020-12-16 00:18:54', '2020-12-16 02:33:03'),
(227, 'bb09e22425a89e7a3dbfc0f11b57961ba2e4106021afb9fea2cb7d669af5b807', 4, '0x55555b502c980c7080b029f39e6dc5a2fe8e3f16', 1, '0x8f4561988cfe62fbd26e2f8af8d224fa7382b1e3', 1, 5, '1000000000', '50000000', '2020-12-16 00:18:54', '2020-12-16 02:33:03'),
(228, 'bb09e22425a89e7a3dbfc0f11b57961ba2e4106021afb9fea2cb7d669af5b807', 4, '0x55555b502c980c7080b029f39e6dc5a2fe8e3f16', 1, '0x8f4561988cfe62fbd26e2f8af8d224fa7382b1e3', 1, 6, '1000000000', '50000000', '2020-12-16 00:18:54', '2020-12-16 02:33:03');
INSERT INTO `transactions` (`id`, `txn_id`, `from_user_id`, `from_user_address`, `to_user_id`, `to_user_address`, `type`, `level`, `pack_amount`, `amount`, `created_at`, `updated_at`) VALUES
(229, 'bb09e22425a89e7a3dbfc0f11b57961ba2e4106021afb9fea2cb7d669af5b807', 4, '0x55555b502c980c7080b029f39e6dc5a2fe8e3f16', 1, '0x8f4561988cfe62fbd26e2f8af8d224fa7382b1e3', 1, 7, '1000000000', '50000000', '2020-12-16 00:18:54', '2020-12-16 02:33:03'),
(230, 'a3f611476a878c35fcecd85dec82980962d640df1f617728a9b83b0e05ee1779', 4, '0x55555b502c980c7080b029f39e6dc5a2fe8e3f16', 2, '0x5a070474e15ffd977b2b18db52ca9a6f1581e90d', 0, 2, '2000000000', '1000000000', '2020-12-16 00:40:39', '2020-12-16 02:33:03'),
(231, 'a3f611476a878c35fcecd85dec82980962d640df1f617728a9b83b0e05ee1779', 4, '0x55555b502c980c7080b029f39e6dc5a2fe8e3f16', 2, '0x5a070474e15ffd977b2b18db52ca9a6f1581e90d', 1, 0, '2000000000', '100000000', '2020-12-16 00:40:39', '2020-12-16 02:33:03'),
(232, 'a3f611476a878c35fcecd85dec82980962d640df1f617728a9b83b0e05ee1779', 4, '0x55555b502c980c7080b029f39e6dc5a2fe8e3f16', 1, '0x8f4561988cfe62fbd26e2f8af8d224fa7382b1e3', 1, 1, '2000000000', '100000000', '2020-12-16 00:40:39', '2020-12-16 02:33:03'),
(233, 'a3f611476a878c35fcecd85dec82980962d640df1f617728a9b83b0e05ee1779', 4, '0x55555b502c980c7080b029f39e6dc5a2fe8e3f16', 1, '0x8f4561988cfe62fbd26e2f8af8d224fa7382b1e3', 1, 2, '2000000000', '100000000', '2020-12-16 00:40:39', '2020-12-16 02:33:03'),
(234, 'a3f611476a878c35fcecd85dec82980962d640df1f617728a9b83b0e05ee1779', 4, '0x55555b502c980c7080b029f39e6dc5a2fe8e3f16', 1, '0x8f4561988cfe62fbd26e2f8af8d224fa7382b1e3', 1, 3, '2000000000', '100000000', '2020-12-16 00:40:39', '2020-12-16 02:33:03'),
(235, 'a3f611476a878c35fcecd85dec82980962d640df1f617728a9b83b0e05ee1779', 4, '0x55555b502c980c7080b029f39e6dc5a2fe8e3f16', 1, '0x8f4561988cfe62fbd26e2f8af8d224fa7382b1e3', 1, 4, '2000000000', '100000000', '2020-12-16 00:40:39', '2020-12-16 02:33:03'),
(236, 'a3f611476a878c35fcecd85dec82980962d640df1f617728a9b83b0e05ee1779', 4, '0x55555b502c980c7080b029f39e6dc5a2fe8e3f16', 1, '0x8f4561988cfe62fbd26e2f8af8d224fa7382b1e3', 1, 5, '2000000000', '100000000', '2020-12-16 00:40:39', '2020-12-16 02:33:03'),
(237, 'a3f611476a878c35fcecd85dec82980962d640df1f617728a9b83b0e05ee1779', 4, '0x55555b502c980c7080b029f39e6dc5a2fe8e3f16', 1, '0x8f4561988cfe62fbd26e2f8af8d224fa7382b1e3', 1, 6, '2000000000', '100000000', '2020-12-16 00:40:39', '2020-12-16 02:33:03'),
(238, 'a3f611476a878c35fcecd85dec82980962d640df1f617728a9b83b0e05ee1779', 4, '0x55555b502c980c7080b029f39e6dc5a2fe8e3f16', 1, '0x8f4561988cfe62fbd26e2f8af8d224fa7382b1e3', 1, 7, '2000000000', '100000000', '2020-12-16 00:40:39', '2020-12-16 02:33:03'),
(239, 'a3f611476a878c35fcecd85dec82980962d640df1f617728a9b83b0e05ee1779', 4, '0x55555b502c980c7080b029f39e6dc5a2fe8e3f16', 1, '0x8f4561988cfe62fbd26e2f8af8d224fa7382b1e3', 1, 8, '2000000000', '100000000', '2020-12-16 00:40:39', '2020-12-16 02:33:03'),
(240, 'a3f611476a878c35fcecd85dec82980962d640df1f617728a9b83b0e05ee1779', 4, '0x55555b502c980c7080b029f39e6dc5a2fe8e3f16', 1, '0x8f4561988cfe62fbd26e2f8af8d224fa7382b1e3', 1, 9, '2000000000', '100000000', '2020-12-16 00:40:39', '2020-12-16 02:33:03'),
(241, '0d685d397f859767593ea80ef2bf2da455104fa2c57c697e8283b3f59a4b36e9', 5, '0xfb1109f2c1ac0a97f22424846b6d41d3d58c4212', 1, '0x8f4561988cfe62fbd26e2f8af8d224fa7382b1e3', 0, 1, '1000000000', '500000000', '2020-12-20 08:13:15', '2020-12-20 08:13:15'),
(242, '0d685d397f859767593ea80ef2bf2da455104fa2c57c697e8283b3f59a4b36e9', 5, '0xfb1109f2c1ac0a97f22424846b6d41d3d58c4212', 1, '0x8f4561988cfe62fbd26e2f8af8d224fa7382b1e3', 1, 0, '1000000000', '50000000', '2020-12-20 08:13:15', '2020-12-20 08:13:15'),
(243, '0d685d397f859767593ea80ef2bf2da455104fa2c57c697e8283b3f59a4b36e9', 5, '0xfb1109f2c1ac0a97f22424846b6d41d3d58c4212', 1, '0x8f4561988cfe62fbd26e2f8af8d224fa7382b1e3', 1, 1, '1000000000', '50000000', '2020-12-20 08:13:15', '2020-12-20 08:13:15'),
(244, '0d685d397f859767593ea80ef2bf2da455104fa2c57c697e8283b3f59a4b36e9', 5, '0xfb1109f2c1ac0a97f22424846b6d41d3d58c4212', 1, '0x8f4561988cfe62fbd26e2f8af8d224fa7382b1e3', 1, 2, '1000000000', '50000000', '2020-12-20 08:13:15', '2020-12-20 08:13:15'),
(245, '0d685d397f859767593ea80ef2bf2da455104fa2c57c697e8283b3f59a4b36e9', 5, '0xfb1109f2c1ac0a97f22424846b6d41d3d58c4212', 1, '0x8f4561988cfe62fbd26e2f8af8d224fa7382b1e3', 1, 3, '1000000000', '50000000', '2020-12-20 08:13:15', '2020-12-20 08:13:15'),
(246, '0d685d397f859767593ea80ef2bf2da455104fa2c57c697e8283b3f59a4b36e9', 5, '0xfb1109f2c1ac0a97f22424846b6d41d3d58c4212', 1, '0x8f4561988cfe62fbd26e2f8af8d224fa7382b1e3', 1, 4, '1000000000', '50000000', '2020-12-20 08:13:15', '2020-12-20 08:13:15'),
(247, '0d685d397f859767593ea80ef2bf2da455104fa2c57c697e8283b3f59a4b36e9', 5, '0xfb1109f2c1ac0a97f22424846b6d41d3d58c4212', 1, '0x8f4561988cfe62fbd26e2f8af8d224fa7382b1e3', 1, 5, '1000000000', '50000000', '2020-12-20 08:13:15', '2020-12-20 08:13:15'),
(248, '0d685d397f859767593ea80ef2bf2da455104fa2c57c697e8283b3f59a4b36e9', 5, '0xfb1109f2c1ac0a97f22424846b6d41d3d58c4212', 1, '0x8f4561988cfe62fbd26e2f8af8d224fa7382b1e3', 1, 6, '1000000000', '50000000', '2020-12-20 08:13:15', '2020-12-20 08:13:15'),
(249, '0d685d397f859767593ea80ef2bf2da455104fa2c57c697e8283b3f59a4b36e9', 5, '0xfb1109f2c1ac0a97f22424846b6d41d3d58c4212', 1, '0x8f4561988cfe62fbd26e2f8af8d224fa7382b1e3', 1, 7, '1000000000', '50000000', '2020-12-20 08:13:15', '2020-12-20 08:13:15'),
(250, '0d685d397f859767593ea80ef2bf2da455104fa2c57c697e8283b3f59a4b36e9', 5, '0xfb1109f2c1ac0a97f22424846b6d41d3d58c4212', 1, '0x8f4561988cfe62fbd26e2f8af8d224fa7382b1e3', 1, 8, '1000000000', '50000000', '2020-12-20 08:13:15', '2020-12-20 08:13:15'),
(251, '0d685d397f859767593ea80ef2bf2da455104fa2c57c697e8283b3f59a4b36e9', 5, '0xfb1109f2c1ac0a97f22424846b6d41d3d58c4212', 1, '0x8f4561988cfe62fbd26e2f8af8d224fa7382b1e3', 1, 9, '1000000000', '50000000', '2020-12-20 08:13:15', '2020-12-20 08:13:15'),
(252, '9c11777a725389bf93c42cd9750d53aa37f77be6725feb078c81bdd9b5981ba9', 6, '0x47e47ea8859b536b0ff3cb7326bafd7119e5e633', 5, '0xfb1109f2c1ac0a97f22424846b6d41d3d58c4212', 0, 1, '1000000000', '500000000', '2020-12-20 08:27:30', '2020-12-20 08:27:30'),
(253, '9c11777a725389bf93c42cd9750d53aa37f77be6725feb078c81bdd9b5981ba9', 6, '0x47e47ea8859b536b0ff3cb7326bafd7119e5e633', 5, '0xfb1109f2c1ac0a97f22424846b6d41d3d58c4212', 1, 0, '1000000000', '50000000', '2020-12-20 08:27:30', '2020-12-20 08:27:30'),
(254, '9c11777a725389bf93c42cd9750d53aa37f77be6725feb078c81bdd9b5981ba9', 6, '0x47e47ea8859b536b0ff3cb7326bafd7119e5e633', 1, '0x8f4561988cfe62fbd26e2f8af8d224fa7382b1e3', 1, 1, '1000000000', '50000000', '2020-12-20 08:27:30', '2020-12-20 08:27:30'),
(255, '9c11777a725389bf93c42cd9750d53aa37f77be6725feb078c81bdd9b5981ba9', 6, '0x47e47ea8859b536b0ff3cb7326bafd7119e5e633', 1, '0x8f4561988cfe62fbd26e2f8af8d224fa7382b1e3', 1, 2, '1000000000', '50000000', '2020-12-20 08:27:30', '2020-12-20 08:27:30'),
(256, '9c11777a725389bf93c42cd9750d53aa37f77be6725feb078c81bdd9b5981ba9', 6, '0x47e47ea8859b536b0ff3cb7326bafd7119e5e633', 1, '0x8f4561988cfe62fbd26e2f8af8d224fa7382b1e3', 1, 3, '1000000000', '50000000', '2020-12-20 08:27:30', '2020-12-20 08:27:30'),
(257, '9c11777a725389bf93c42cd9750d53aa37f77be6725feb078c81bdd9b5981ba9', 6, '0x47e47ea8859b536b0ff3cb7326bafd7119e5e633', 1, '0x8f4561988cfe62fbd26e2f8af8d224fa7382b1e3', 1, 4, '1000000000', '50000000', '2020-12-20 08:27:30', '2020-12-20 08:27:30'),
(258, '9c11777a725389bf93c42cd9750d53aa37f77be6725feb078c81bdd9b5981ba9', 6, '0x47e47ea8859b536b0ff3cb7326bafd7119e5e633', 1, '0x8f4561988cfe62fbd26e2f8af8d224fa7382b1e3', 1, 5, '1000000000', '50000000', '2020-12-20 08:27:30', '2020-12-20 08:27:30'),
(259, '9c11777a725389bf93c42cd9750d53aa37f77be6725feb078c81bdd9b5981ba9', 6, '0x47e47ea8859b536b0ff3cb7326bafd7119e5e633', 1, '0x8f4561988cfe62fbd26e2f8af8d224fa7382b1e3', 1, 6, '1000000000', '50000000', '2020-12-20 08:27:30', '2020-12-20 08:27:30'),
(260, '9c11777a725389bf93c42cd9750d53aa37f77be6725feb078c81bdd9b5981ba9', 6, '0x47e47ea8859b536b0ff3cb7326bafd7119e5e633', 1, '0x8f4561988cfe62fbd26e2f8af8d224fa7382b1e3', 1, 7, '1000000000', '50000000', '2020-12-20 08:27:30', '2020-12-20 08:27:30'),
(261, '9c11777a725389bf93c42cd9750d53aa37f77be6725feb078c81bdd9b5981ba9', 6, '0x47e47ea8859b536b0ff3cb7326bafd7119e5e633', 1, '0x8f4561988cfe62fbd26e2f8af8d224fa7382b1e3', 1, 8, '1000000000', '50000000', '2020-12-20 08:27:30', '2020-12-20 08:27:30'),
(262, '9c11777a725389bf93c42cd9750d53aa37f77be6725feb078c81bdd9b5981ba9', 6, '0x47e47ea8859b536b0ff3cb7326bafd7119e5e633', 1, '0x8f4561988cfe62fbd26e2f8af8d224fa7382b1e3', 1, 9, '1000000000', '50000000', '2020-12-20 08:27:30', '2020-12-20 08:27:30'),
(263, '097ee96447bebc9988460cd75608f65e117206ec419ecea10538964072ca10a4', 6, '0x47e47ea8859b536b0ff3cb7326bafd7119e5e633', 5, '0xfb1109f2c1ac0a97f22424846b6d41d3d58c4212', 0, 2, '2000000000', '500000000', '2020-12-20 08:43:45', '2020-12-20 08:44:02'),
(264, '097ee96447bebc9988460cd75608f65e117206ec419ecea10538964072ca10a4', 6, '0x47e47ea8859b536b0ff3cb7326bafd7119e5e633', 1, '0x8f4561988cfe62fbd26e2f8af8d224fa7382b1e3', 0, 2, '2000000000', '500000000', '2020-12-20 08:43:45', '2020-12-20 08:44:02'),
(265, '097ee96447bebc9988460cd75608f65e117206ec419ecea10538964072ca10a4', 6, '0x47e47ea8859b536b0ff3cb7326bafd7119e5e633', 1, '0x8f4561988cfe62fbd26e2f8af8d224fa7382b1e3', 1, 0, '2000000000', '100000000', '2020-12-20 08:43:45', '2020-12-20 08:44:02'),
(266, '097ee96447bebc9988460cd75608f65e117206ec419ecea10538964072ca10a4', 6, '0x47e47ea8859b536b0ff3cb7326bafd7119e5e633', 1, '0x8f4561988cfe62fbd26e2f8af8d224fa7382b1e3', 1, 1, '2000000000', '100000000', '2020-12-20 08:43:45', '2020-12-20 08:44:02'),
(267, '097ee96447bebc9988460cd75608f65e117206ec419ecea10538964072ca10a4', 6, '0x47e47ea8859b536b0ff3cb7326bafd7119e5e633', 1, '0x8f4561988cfe62fbd26e2f8af8d224fa7382b1e3', 1, 2, '2000000000', '100000000', '2020-12-20 08:43:45', '2020-12-20 08:44:02'),
(268, '097ee96447bebc9988460cd75608f65e117206ec419ecea10538964072ca10a4', 6, '0x47e47ea8859b536b0ff3cb7326bafd7119e5e633', 1, '0x8f4561988cfe62fbd26e2f8af8d224fa7382b1e3', 1, 3, '2000000000', '100000000', '2020-12-20 08:43:45', '2020-12-20 08:44:02'),
(269, '097ee96447bebc9988460cd75608f65e117206ec419ecea10538964072ca10a4', 6, '0x47e47ea8859b536b0ff3cb7326bafd7119e5e633', 1, '0x8f4561988cfe62fbd26e2f8af8d224fa7382b1e3', 1, 4, '2000000000', '100000000', '2020-12-20 08:43:45', '2020-12-20 08:44:02'),
(270, '097ee96447bebc9988460cd75608f65e117206ec419ecea10538964072ca10a4', 6, '0x47e47ea8859b536b0ff3cb7326bafd7119e5e633', 1, '0x8f4561988cfe62fbd26e2f8af8d224fa7382b1e3', 1, 5, '2000000000', '100000000', '2020-12-20 08:43:45', '2020-12-20 08:44:02'),
(271, '097ee96447bebc9988460cd75608f65e117206ec419ecea10538964072ca10a4', 6, '0x47e47ea8859b536b0ff3cb7326bafd7119e5e633', 1, '0x8f4561988cfe62fbd26e2f8af8d224fa7382b1e3', 1, 6, '2000000000', '100000000', '2020-12-20 08:43:45', '2020-12-20 08:44:02'),
(272, '097ee96447bebc9988460cd75608f65e117206ec419ecea10538964072ca10a4', 6, '0x47e47ea8859b536b0ff3cb7326bafd7119e5e633', 1, '0x8f4561988cfe62fbd26e2f8af8d224fa7382b1e3', 1, 7, '2000000000', '100000000', '2020-12-20 08:43:45', '2020-12-20 08:44:02'),
(273, '097ee96447bebc9988460cd75608f65e117206ec419ecea10538964072ca10a4', 6, '0x47e47ea8859b536b0ff3cb7326bafd7119e5e633', 1, '0x8f4561988cfe62fbd26e2f8af8d224fa7382b1e3', 1, 8, '2000000000', '100000000', '2020-12-20 08:43:45', '2020-12-20 08:44:02'),
(274, '097ee96447bebc9988460cd75608f65e117206ec419ecea10538964072ca10a4', 6, '0x47e47ea8859b536b0ff3cb7326bafd7119e5e633', 1, '0x8f4561988cfe62fbd26e2f8af8d224fa7382b1e3', 1, 9, '2000000000', '100000000', '2020-12-20 08:43:45', '2020-12-20 08:44:02'),
(275, '4fefbe28a5e4f2fe7ea5db98f83dbe39bb0641493d8f0a6427dfc5078fe03268', 6, '0x47e47ea8859b536b0ff3cb7326bafd7119e5e633', 5, '0xfb1109f2c1ac0a97f22424846b6d41d3d58c4212', 0, 3, '5000000000', '1250000000', '2020-12-20 08:53:36', '2020-12-20 08:54:03'),
(276, '4fefbe28a5e4f2fe7ea5db98f83dbe39bb0641493d8f0a6427dfc5078fe03268', 6, '0x47e47ea8859b536b0ff3cb7326bafd7119e5e633', 1, '0x8f4561988cfe62fbd26e2f8af8d224fa7382b1e3', 0, 3, '5000000000', '1250000000', '2020-12-20 08:53:36', '2020-12-20 08:54:03'),
(277, '4fefbe28a5e4f2fe7ea5db98f83dbe39bb0641493d8f0a6427dfc5078fe03268', 6, '0x47e47ea8859b536b0ff3cb7326bafd7119e5e633', 1, '0x8f4561988cfe62fbd26e2f8af8d224fa7382b1e3', 1, 0, '5000000000', '250000000', '2020-12-20 08:53:36', '2020-12-20 08:54:03'),
(278, '4fefbe28a5e4f2fe7ea5db98f83dbe39bb0641493d8f0a6427dfc5078fe03268', 6, '0x47e47ea8859b536b0ff3cb7326bafd7119e5e633', 1, '0x8f4561988cfe62fbd26e2f8af8d224fa7382b1e3', 1, 1, '5000000000', '250000000', '2020-12-20 08:53:36', '2020-12-20 08:54:03'),
(279, '4fefbe28a5e4f2fe7ea5db98f83dbe39bb0641493d8f0a6427dfc5078fe03268', 6, '0x47e47ea8859b536b0ff3cb7326bafd7119e5e633', 1, '0x8f4561988cfe62fbd26e2f8af8d224fa7382b1e3', 1, 2, '5000000000', '250000000', '2020-12-20 08:53:36', '2020-12-20 08:54:03'),
(280, '4fefbe28a5e4f2fe7ea5db98f83dbe39bb0641493d8f0a6427dfc5078fe03268', 6, '0x47e47ea8859b536b0ff3cb7326bafd7119e5e633', 1, '0x8f4561988cfe62fbd26e2f8af8d224fa7382b1e3', 1, 3, '5000000000', '250000000', '2020-12-20 08:53:36', '2020-12-20 08:54:03'),
(281, '4fefbe28a5e4f2fe7ea5db98f83dbe39bb0641493d8f0a6427dfc5078fe03268', 6, '0x47e47ea8859b536b0ff3cb7326bafd7119e5e633', 1, '0x8f4561988cfe62fbd26e2f8af8d224fa7382b1e3', 1, 4, '5000000000', '250000000', '2020-12-20 08:53:36', '2020-12-20 08:54:03'),
(282, '4fefbe28a5e4f2fe7ea5db98f83dbe39bb0641493d8f0a6427dfc5078fe03268', 6, '0x47e47ea8859b536b0ff3cb7326bafd7119e5e633', 1, '0x8f4561988cfe62fbd26e2f8af8d224fa7382b1e3', 1, 5, '5000000000', '250000000', '2020-12-20 08:53:36', '2020-12-20 08:54:03'),
(283, '4fefbe28a5e4f2fe7ea5db98f83dbe39bb0641493d8f0a6427dfc5078fe03268', 6, '0x47e47ea8859b536b0ff3cb7326bafd7119e5e633', 1, '0x8f4561988cfe62fbd26e2f8af8d224fa7382b1e3', 1, 6, '5000000000', '250000000', '2020-12-20 08:53:36', '2020-12-20 08:54:03'),
(284, '4fefbe28a5e4f2fe7ea5db98f83dbe39bb0641493d8f0a6427dfc5078fe03268', 6, '0x47e47ea8859b536b0ff3cb7326bafd7119e5e633', 1, '0x8f4561988cfe62fbd26e2f8af8d224fa7382b1e3', 1, 7, '5000000000', '250000000', '2020-12-20 08:53:36', '2020-12-20 08:54:03'),
(285, '4fefbe28a5e4f2fe7ea5db98f83dbe39bb0641493d8f0a6427dfc5078fe03268', 6, '0x47e47ea8859b536b0ff3cb7326bafd7119e5e633', 1, '0x8f4561988cfe62fbd26e2f8af8d224fa7382b1e3', 1, 8, '5000000000', '250000000', '2020-12-20 08:53:36', '2020-12-20 08:54:03'),
(286, '4fefbe28a5e4f2fe7ea5db98f83dbe39bb0641493d8f0a6427dfc5078fe03268', 6, '0x47e47ea8859b536b0ff3cb7326bafd7119e5e633', 1, '0x8f4561988cfe62fbd26e2f8af8d224fa7382b1e3', 1, 9, '5000000000', '250000000', '2020-12-20 08:53:36', '2020-12-20 08:54:03'),
(287, '1acef6cfbc8d3a89e84af88030020f69d294bd420c5a4dcf4b4a62b6374a4d31', 6, '0x47e47ea8859b536b0ff3cb7326bafd7119e5e633', 5, '0xfb1109f2c1ac0a97f22424846b6d41d3d58c4212', 0, 4, '10000000000', '2500000000', '2020-12-20 09:04:24', '2020-12-20 09:05:02'),
(288, '1acef6cfbc8d3a89e84af88030020f69d294bd420c5a4dcf4b4a62b6374a4d31', 6, '0x47e47ea8859b536b0ff3cb7326bafd7119e5e633', 1, '0x8f4561988cfe62fbd26e2f8af8d224fa7382b1e3', 0, 4, '10000000000', '2500000000', '2020-12-20 09:04:24', '2020-12-20 09:05:02'),
(289, '1acef6cfbc8d3a89e84af88030020f69d294bd420c5a4dcf4b4a62b6374a4d31', 6, '0x47e47ea8859b536b0ff3cb7326bafd7119e5e633', 1, '0x8f4561988cfe62fbd26e2f8af8d224fa7382b1e3', 1, 0, '10000000000', '500000000', '2020-12-20 09:04:24', '2020-12-20 09:05:02'),
(290, '1acef6cfbc8d3a89e84af88030020f69d294bd420c5a4dcf4b4a62b6374a4d31', 6, '0x47e47ea8859b536b0ff3cb7326bafd7119e5e633', 1, '0x8f4561988cfe62fbd26e2f8af8d224fa7382b1e3', 1, 1, '10000000000', '500000000', '2020-12-20 09:04:24', '2020-12-20 09:05:02'),
(291, '1acef6cfbc8d3a89e84af88030020f69d294bd420c5a4dcf4b4a62b6374a4d31', 6, '0x47e47ea8859b536b0ff3cb7326bafd7119e5e633', 1, '0x8f4561988cfe62fbd26e2f8af8d224fa7382b1e3', 1, 2, '10000000000', '500000000', '2020-12-20 09:04:24', '2020-12-20 09:05:02'),
(292, '1acef6cfbc8d3a89e84af88030020f69d294bd420c5a4dcf4b4a62b6374a4d31', 6, '0x47e47ea8859b536b0ff3cb7326bafd7119e5e633', 1, '0x8f4561988cfe62fbd26e2f8af8d224fa7382b1e3', 1, 3, '10000000000', '500000000', '2020-12-20 09:04:24', '2020-12-20 09:05:02'),
(293, '1acef6cfbc8d3a89e84af88030020f69d294bd420c5a4dcf4b4a62b6374a4d31', 6, '0x47e47ea8859b536b0ff3cb7326bafd7119e5e633', 1, '0x8f4561988cfe62fbd26e2f8af8d224fa7382b1e3', 1, 4, '10000000000', '500000000', '2020-12-20 09:04:24', '2020-12-20 09:05:02'),
(294, '1acef6cfbc8d3a89e84af88030020f69d294bd420c5a4dcf4b4a62b6374a4d31', 6, '0x47e47ea8859b536b0ff3cb7326bafd7119e5e633', 1, '0x8f4561988cfe62fbd26e2f8af8d224fa7382b1e3', 1, 5, '10000000000', '500000000', '2020-12-20 09:04:24', '2020-12-20 09:05:02'),
(295, '1acef6cfbc8d3a89e84af88030020f69d294bd420c5a4dcf4b4a62b6374a4d31', 6, '0x47e47ea8859b536b0ff3cb7326bafd7119e5e633', 1, '0x8f4561988cfe62fbd26e2f8af8d224fa7382b1e3', 1, 6, '10000000000', '500000000', '2020-12-20 09:04:24', '2020-12-20 09:05:02'),
(296, '1acef6cfbc8d3a89e84af88030020f69d294bd420c5a4dcf4b4a62b6374a4d31', 6, '0x47e47ea8859b536b0ff3cb7326bafd7119e5e633', 1, '0x8f4561988cfe62fbd26e2f8af8d224fa7382b1e3', 1, 7, '10000000000', '500000000', '2020-12-20 09:04:24', '2020-12-20 09:05:02'),
(297, '1acef6cfbc8d3a89e84af88030020f69d294bd420c5a4dcf4b4a62b6374a4d31', 6, '0x47e47ea8859b536b0ff3cb7326bafd7119e5e633', 1, '0x8f4561988cfe62fbd26e2f8af8d224fa7382b1e3', 1, 8, '10000000000', '500000000', '2020-12-20 09:04:24', '2020-12-20 09:05:02'),
(298, '1acef6cfbc8d3a89e84af88030020f69d294bd420c5a4dcf4b4a62b6374a4d31', 6, '0x47e47ea8859b536b0ff3cb7326bafd7119e5e633', 1, '0x8f4561988cfe62fbd26e2f8af8d224fa7382b1e3', 1, 9, '10000000000', '500000000', '2020-12-20 09:04:24', '2020-12-20 09:05:02'),
(299, '4171e743e4c55e27c1f6bad8b932f4e5981e76f84224b98a035bef2a5d19e0e6', 6, '0x47e47ea8859b536b0ff3cb7326bafd7119e5e633', 5, '0xfb1109f2c1ac0a97f22424846b6d41d3d58c4212', 0, 5, '25000000000', '6250000000', '2020-12-20 09:16:06', '2020-12-20 09:17:02'),
(300, '4171e743e4c55e27c1f6bad8b932f4e5981e76f84224b98a035bef2a5d19e0e6', 6, '0x47e47ea8859b536b0ff3cb7326bafd7119e5e633', 1, '0x8f4561988cfe62fbd26e2f8af8d224fa7382b1e3', 0, 5, '25000000000', '6250000000', '2020-12-20 09:16:06', '2020-12-20 09:17:02'),
(301, '4171e743e4c55e27c1f6bad8b932f4e5981e76f84224b98a035bef2a5d19e0e6', 6, '0x47e47ea8859b536b0ff3cb7326bafd7119e5e633', 1, '0x8f4561988cfe62fbd26e2f8af8d224fa7382b1e3', 1, 0, '25000000000', '1250000000', '2020-12-20 09:16:06', '2020-12-20 09:17:02'),
(302, '4171e743e4c55e27c1f6bad8b932f4e5981e76f84224b98a035bef2a5d19e0e6', 6, '0x47e47ea8859b536b0ff3cb7326bafd7119e5e633', 1, '0x8f4561988cfe62fbd26e2f8af8d224fa7382b1e3', 1, 1, '25000000000', '1250000000', '2020-12-20 09:16:06', '2020-12-20 09:17:02'),
(303, '4171e743e4c55e27c1f6bad8b932f4e5981e76f84224b98a035bef2a5d19e0e6', 6, '0x47e47ea8859b536b0ff3cb7326bafd7119e5e633', 1, '0x8f4561988cfe62fbd26e2f8af8d224fa7382b1e3', 1, 2, '25000000000', '1250000000', '2020-12-20 09:16:06', '2020-12-20 09:17:02'),
(304, '4171e743e4c55e27c1f6bad8b932f4e5981e76f84224b98a035bef2a5d19e0e6', 6, '0x47e47ea8859b536b0ff3cb7326bafd7119e5e633', 1, '0x8f4561988cfe62fbd26e2f8af8d224fa7382b1e3', 1, 3, '25000000000', '1250000000', '2020-12-20 09:16:06', '2020-12-20 09:17:02'),
(305, '4171e743e4c55e27c1f6bad8b932f4e5981e76f84224b98a035bef2a5d19e0e6', 6, '0x47e47ea8859b536b0ff3cb7326bafd7119e5e633', 1, '0x8f4561988cfe62fbd26e2f8af8d224fa7382b1e3', 1, 4, '25000000000', '1250000000', '2020-12-20 09:16:06', '2020-12-20 09:17:02'),
(306, '4171e743e4c55e27c1f6bad8b932f4e5981e76f84224b98a035bef2a5d19e0e6', 6, '0x47e47ea8859b536b0ff3cb7326bafd7119e5e633', 1, '0x8f4561988cfe62fbd26e2f8af8d224fa7382b1e3', 1, 5, '25000000000', '1250000000', '2020-12-20 09:16:06', '2020-12-20 09:17:02'),
(307, '4171e743e4c55e27c1f6bad8b932f4e5981e76f84224b98a035bef2a5d19e0e6', 6, '0x47e47ea8859b536b0ff3cb7326bafd7119e5e633', 1, '0x8f4561988cfe62fbd26e2f8af8d224fa7382b1e3', 1, 6, '25000000000', '1250000000', '2020-12-20 09:16:06', '2020-12-20 09:17:02'),
(308, '4171e743e4c55e27c1f6bad8b932f4e5981e76f84224b98a035bef2a5d19e0e6', 6, '0x47e47ea8859b536b0ff3cb7326bafd7119e5e633', 1, '0x8f4561988cfe62fbd26e2f8af8d224fa7382b1e3', 1, 7, '25000000000', '1250000000', '2020-12-20 09:16:06', '2020-12-20 09:17:02'),
(309, '4171e743e4c55e27c1f6bad8b932f4e5981e76f84224b98a035bef2a5d19e0e6', 6, '0x47e47ea8859b536b0ff3cb7326bafd7119e5e633', 1, '0x8f4561988cfe62fbd26e2f8af8d224fa7382b1e3', 1, 8, '25000000000', '1250000000', '2020-12-20 09:16:06', '2020-12-20 09:17:02'),
(310, '4171e743e4c55e27c1f6bad8b932f4e5981e76f84224b98a035bef2a5d19e0e6', 6, '0x47e47ea8859b536b0ff3cb7326bafd7119e5e633', 1, '0x8f4561988cfe62fbd26e2f8af8d224fa7382b1e3', 1, 9, '25000000000', '1250000000', '2020-12-20 09:16:06', '2020-12-20 09:17:02'),
(311, '54113d28f2c358ffaa0104d79b4cb777418eac1d7c118d39d5771c6557b5dcc5', 7, '0x2894c26a6595ff2dac21d966f60c09468334493e', 5, '0xfb1109f2c1ac0a97f22424846b6d41d3d58c4212', 0, 1, '1000000000', '500000000', '2020-12-20 08:39:06', '2020-12-20 08:39:06'),
(312, '54113d28f2c358ffaa0104d79b4cb777418eac1d7c118d39d5771c6557b5dcc5', 7, '0x2894c26a6595ff2dac21d966f60c09468334493e', 5, '0xfb1109f2c1ac0a97f22424846b6d41d3d58c4212', 1, 0, '1000000000', '50000000', '2020-12-20 08:39:06', '2020-12-20 08:39:06'),
(313, '54113d28f2c358ffaa0104d79b4cb777418eac1d7c118d39d5771c6557b5dcc5', 7, '0x2894c26a6595ff2dac21d966f60c09468334493e', 1, '0x8f4561988cfe62fbd26e2f8af8d224fa7382b1e3', 1, 1, '1000000000', '50000000', '2020-12-20 08:39:06', '2020-12-20 08:39:06'),
(314, '54113d28f2c358ffaa0104d79b4cb777418eac1d7c118d39d5771c6557b5dcc5', 7, '0x2894c26a6595ff2dac21d966f60c09468334493e', 1, '0x8f4561988cfe62fbd26e2f8af8d224fa7382b1e3', 1, 2, '1000000000', '50000000', '2020-12-20 08:39:06', '2020-12-20 08:39:06'),
(315, '54113d28f2c358ffaa0104d79b4cb777418eac1d7c118d39d5771c6557b5dcc5', 7, '0x2894c26a6595ff2dac21d966f60c09468334493e', 1, '0x8f4561988cfe62fbd26e2f8af8d224fa7382b1e3', 1, 3, '1000000000', '50000000', '2020-12-20 08:39:06', '2020-12-20 08:39:06'),
(316, '54113d28f2c358ffaa0104d79b4cb777418eac1d7c118d39d5771c6557b5dcc5', 7, '0x2894c26a6595ff2dac21d966f60c09468334493e', 1, '0x8f4561988cfe62fbd26e2f8af8d224fa7382b1e3', 1, 4, '1000000000', '50000000', '2020-12-20 08:39:06', '2020-12-20 08:39:06'),
(317, '54113d28f2c358ffaa0104d79b4cb777418eac1d7c118d39d5771c6557b5dcc5', 7, '0x2894c26a6595ff2dac21d966f60c09468334493e', 1, '0x8f4561988cfe62fbd26e2f8af8d224fa7382b1e3', 1, 5, '1000000000', '50000000', '2020-12-20 08:39:06', '2020-12-20 08:39:06'),
(318, '54113d28f2c358ffaa0104d79b4cb777418eac1d7c118d39d5771c6557b5dcc5', 7, '0x2894c26a6595ff2dac21d966f60c09468334493e', 1, '0x8f4561988cfe62fbd26e2f8af8d224fa7382b1e3', 1, 6, '1000000000', '50000000', '2020-12-20 08:39:06', '2020-12-20 08:39:06'),
(319, '54113d28f2c358ffaa0104d79b4cb777418eac1d7c118d39d5771c6557b5dcc5', 7, '0x2894c26a6595ff2dac21d966f60c09468334493e', 1, '0x8f4561988cfe62fbd26e2f8af8d224fa7382b1e3', 1, 7, '1000000000', '50000000', '2020-12-20 08:39:06', '2020-12-20 08:39:06'),
(320, '54113d28f2c358ffaa0104d79b4cb777418eac1d7c118d39d5771c6557b5dcc5', 7, '0x2894c26a6595ff2dac21d966f60c09468334493e', 1, '0x8f4561988cfe62fbd26e2f8af8d224fa7382b1e3', 1, 8, '1000000000', '50000000', '2020-12-20 08:39:06', '2020-12-20 08:39:06'),
(321, '54113d28f2c358ffaa0104d79b4cb777418eac1d7c118d39d5771c6557b5dcc5', 7, '0x2894c26a6595ff2dac21d966f60c09468334493e', 1, '0x8f4561988cfe62fbd26e2f8af8d224fa7382b1e3', 1, 9, '1000000000', '50000000', '2020-12-20 08:39:06', '2020-12-20 08:39:06'),
(322, '097ee96447bebc9988460cd75608f65e117206ec419ecea10538964072ca10a4', 6, '0x47e47ea8859b536b0ff3cb7326bafd7119e5e633', 5, '0xfb1109f2c1ac0a97f22424846b6d41d3d58c4212', 0, 2, '2000000000', '500000000', '2020-12-20 08:43:45', '2020-12-20 08:43:45'),
(323, '097ee96447bebc9988460cd75608f65e117206ec419ecea10538964072ca10a4', 6, '0x47e47ea8859b536b0ff3cb7326bafd7119e5e633', 1, '0x8f4561988cfe62fbd26e2f8af8d224fa7382b1e3', 0, 2, '2000000000', '500000000', '2020-12-20 08:43:45', '2020-12-20 08:43:45'),
(324, '097ee96447bebc9988460cd75608f65e117206ec419ecea10538964072ca10a4', 6, '0x47e47ea8859b536b0ff3cb7326bafd7119e5e633', 1, '0x8f4561988cfe62fbd26e2f8af8d224fa7382b1e3', 1, 0, '2000000000', '100000000', '2020-12-20 08:43:45', '2020-12-20 08:43:45'),
(325, '097ee96447bebc9988460cd75608f65e117206ec419ecea10538964072ca10a4', 6, '0x47e47ea8859b536b0ff3cb7326bafd7119e5e633', 1, '0x8f4561988cfe62fbd26e2f8af8d224fa7382b1e3', 1, 1, '2000000000', '100000000', '2020-12-20 08:43:45', '2020-12-20 08:43:45'),
(326, '097ee96447bebc9988460cd75608f65e117206ec419ecea10538964072ca10a4', 6, '0x47e47ea8859b536b0ff3cb7326bafd7119e5e633', 1, '0x8f4561988cfe62fbd26e2f8af8d224fa7382b1e3', 1, 2, '2000000000', '100000000', '2020-12-20 08:43:45', '2020-12-20 08:43:45'),
(327, '097ee96447bebc9988460cd75608f65e117206ec419ecea10538964072ca10a4', 6, '0x47e47ea8859b536b0ff3cb7326bafd7119e5e633', 1, '0x8f4561988cfe62fbd26e2f8af8d224fa7382b1e3', 1, 3, '2000000000', '100000000', '2020-12-20 08:43:45', '2020-12-20 08:43:45'),
(328, '097ee96447bebc9988460cd75608f65e117206ec419ecea10538964072ca10a4', 6, '0x47e47ea8859b536b0ff3cb7326bafd7119e5e633', 1, '0x8f4561988cfe62fbd26e2f8af8d224fa7382b1e3', 1, 4, '2000000000', '100000000', '2020-12-20 08:43:45', '2020-12-20 08:43:45'),
(329, '097ee96447bebc9988460cd75608f65e117206ec419ecea10538964072ca10a4', 6, '0x47e47ea8859b536b0ff3cb7326bafd7119e5e633', 1, '0x8f4561988cfe62fbd26e2f8af8d224fa7382b1e3', 1, 5, '2000000000', '100000000', '2020-12-20 08:43:45', '2020-12-20 08:43:45'),
(330, '097ee96447bebc9988460cd75608f65e117206ec419ecea10538964072ca10a4', 6, '0x47e47ea8859b536b0ff3cb7326bafd7119e5e633', 1, '0x8f4561988cfe62fbd26e2f8af8d224fa7382b1e3', 1, 6, '2000000000', '100000000', '2020-12-20 08:43:45', '2020-12-20 08:43:45'),
(331, '2acaf3f84eebb15e3620b761ad33473d98146f4b1a99b8703d0f531155e909ba', 8, '0x3278aee1717645425d9087b9d6d290eed8885c8a', 1, '0x8f4561988cfe62fbd26e2f8af8d224fa7382b1e3', 0, 1, '1000000000', '500000000', '2020-12-20 09:20:21', '2020-12-20 09:20:21'),
(332, '2acaf3f84eebb15e3620b761ad33473d98146f4b1a99b8703d0f531155e909ba', 8, '0x3278aee1717645425d9087b9d6d290eed8885c8a', 1, '0x8f4561988cfe62fbd26e2f8af8d224fa7382b1e3', 1, 0, '1000000000', '50000000', '2020-12-20 09:20:21', '2020-12-20 09:20:21'),
(333, '2acaf3f84eebb15e3620b761ad33473d98146f4b1a99b8703d0f531155e909ba', 8, '0x3278aee1717645425d9087b9d6d290eed8885c8a', 1, '0x8f4561988cfe62fbd26e2f8af8d224fa7382b1e3', 1, 1, '1000000000', '50000000', '2020-12-20 09:20:21', '2020-12-20 09:20:21'),
(334, '2acaf3f84eebb15e3620b761ad33473d98146f4b1a99b8703d0f531155e909ba', 8, '0x3278aee1717645425d9087b9d6d290eed8885c8a', 1, '0x8f4561988cfe62fbd26e2f8af8d224fa7382b1e3', 1, 2, '1000000000', '50000000', '2020-12-20 09:20:21', '2020-12-20 09:20:21'),
(335, '2acaf3f84eebb15e3620b761ad33473d98146f4b1a99b8703d0f531155e909ba', 8, '0x3278aee1717645425d9087b9d6d290eed8885c8a', 1, '0x8f4561988cfe62fbd26e2f8af8d224fa7382b1e3', 1, 3, '1000000000', '50000000', '2020-12-20 09:20:21', '2020-12-20 09:20:21'),
(336, '2acaf3f84eebb15e3620b761ad33473d98146f4b1a99b8703d0f531155e909ba', 8, '0x3278aee1717645425d9087b9d6d290eed8885c8a', 1, '0x8f4561988cfe62fbd26e2f8af8d224fa7382b1e3', 1, 4, '1000000000', '50000000', '2020-12-20 09:20:21', '2020-12-20 09:20:21'),
(337, '2acaf3f84eebb15e3620b761ad33473d98146f4b1a99b8703d0f531155e909ba', 8, '0x3278aee1717645425d9087b9d6d290eed8885c8a', 1, '0x8f4561988cfe62fbd26e2f8af8d224fa7382b1e3', 1, 5, '1000000000', '50000000', '2020-12-20 09:20:21', '2020-12-20 09:20:21'),
(338, '2acaf3f84eebb15e3620b761ad33473d98146f4b1a99b8703d0f531155e909ba', 8, '0x3278aee1717645425d9087b9d6d290eed8885c8a', 1, '0x8f4561988cfe62fbd26e2f8af8d224fa7382b1e3', 1, 6, '1000000000', '50000000', '2020-12-20 09:20:21', '2020-12-20 09:20:21'),
(339, '2acaf3f84eebb15e3620b761ad33473d98146f4b1a99b8703d0f531155e909ba', 8, '0x3278aee1717645425d9087b9d6d290eed8885c8a', 1, '0x8f4561988cfe62fbd26e2f8af8d224fa7382b1e3', 1, 7, '1000000000', '50000000', '2020-12-20 09:20:21', '2020-12-20 09:20:21'),
(340, '2acaf3f84eebb15e3620b761ad33473d98146f4b1a99b8703d0f531155e909ba', 8, '0x3278aee1717645425d9087b9d6d290eed8885c8a', 1, '0x8f4561988cfe62fbd26e2f8af8d224fa7382b1e3', 1, 8, '1000000000', '50000000', '2020-12-20 09:20:21', '2020-12-20 09:20:21'),
(341, '2acaf3f84eebb15e3620b761ad33473d98146f4b1a99b8703d0f531155e909ba', 8, '0x3278aee1717645425d9087b9d6d290eed8885c8a', 1, '0x8f4561988cfe62fbd26e2f8af8d224fa7382b1e3', 1, 9, '1000000000', '50000000', '2020-12-20 09:20:21', '2020-12-20 09:20:21');

-- --------------------------------------------------------

--
-- Table structure for table `users`
--

CREATE TABLE `users` (
  `id` int(11) NOT NULL,
  `address` varchar(128) DEFAULT NULL,
  `address_name` varchar(128) NOT NULL,
  `ref_address_name` varchar(128) NOT NULL,
  `user_level` int(11) NOT NULL DEFAULT 1,
  `referral_id` int(11) NOT NULL DEFAULT 1,
  `org_referral_id` int(11) NOT NULL DEFAULT 1,
  `invest_amount` varchar(128) NOT NULL DEFAULT '0',
  `gain_amount_one` varchar(128) NOT NULL DEFAULT '0',
  `gain_amount_ten` varchar(128) NOT NULL DEFAULT '0',
  `levelup_at` timestamp NULL DEFAULT NULL,
  `created_at` timestamp NOT NULL DEFAULT current_timestamp(),
  `updated_at` timestamp NOT NULL DEFAULT current_timestamp() ON UPDATE current_timestamp()
) ENGINE=InnoDB DEFAULT CHARSET=utf8;

--
-- Dumping data for table `users`
--

INSERT INTO `users` (`id`, `address`, `address_name`, `ref_address_name`, `user_level`, `referral_id`, `org_referral_id`, `invest_amount`, `gain_amount_one`, `gain_amount_ten`, `levelup_at`, `created_at`, `updated_at`) VALUES
(1, 'TP2kkBbD6H2JhSerXpNRfEJHW7ynirQJC3', '0x8f4561988cfe62fbd26e2f8af8d224fa7382b1e3', '0x8f4561988cfe62fbd26e2f8af8d224fa7382b1e3', 10, 0, 0, '10', '38750000000', '65100000000', NULL, '2020-12-01 14:51:14', '2020-12-22 08:45:21'),
(2, 'TJBEDuFzQGuTNrASpaZq8LzbFfjoUp5qtB', '0x5a070474e15ffd977b2b18db52ca9a6f1581e90d', '0x8f4561988cfe62fbd26e2f8af8d224fa7382b1e3', 3, 1, 1, '17250000000', '20250000000', '400000000', '2020-12-16 00:16:06', '2020-12-15 04:40:18', '2020-12-22 08:14:26'),
(3, 'TTDxLSXvDYbLHg1SZi5CerW8dH3yxDmxum', '0xbd4422a555f7b62ab172c9c4b604bc59ceec082e', '0x5a070474e15ffd977b2b18db52ca9a6f1581e90d', 4, 2, 2, '66350000000', '0', '0', '2020-12-16 00:09:33', '2020-12-15 06:40:48', '2020-12-16 02:33:03'),
(4, 'THkQh3wanK983gy4hUdnvL93dHB6hjo9q1', '0x55555b502c980c7080b029f39e6dc5a2fe8e3f16', '0x5a070474e15ffd977b2b18db52ca9a6f1581e90d', 2, 2, 2, '6800000000', '0', '0', '2020-12-16 00:40:39', '2020-12-15 21:18:54', '2020-12-16 02:33:03'),
(5, 'TYrj268MunBmyjWLE5j3z6NAngBWVBiUR7', '0xfb1109f2c1ac0a97f22424846b6d41d3d58c4212', '0x8f4561988cfe62fbd26e2f8af8d224fa7382b1e3', 1, 1, 1, '1000000000', '12000000000', '100000000', NULL, '2020-12-20 08:13:15', '2020-12-20 09:20:22'),
(6, 'TGXLhmo5xpkPUphAxBq4DKriWVjvzBGXqf', '0x47e47ea8859b536b0ff3cb7326bafd7119e5e633', '0xfb1109f2c1ac0a97f22424846b6d41d3d58c4212', 5, 5, 5, '44700000000', '0', '0', '2020-12-20 09:16:06', '2020-12-20 08:27:30', '2020-12-20 09:20:22'),
(7, 'TEa5MruQDdUigCXy3BAST6E7UZJoniTqxa', '0x2894c26a6595ff2dac21d966f60c09468334493e', '0xfb1109f2c1ac0a97f22424846b6d41d3d58c4212', 1, 5, 5, '1000000000', '0', '0', NULL, '2020-12-20 08:39:06', '2020-12-20 09:20:22'),
(8, 'TDfnEif59gWz915fzUSHUiCDaNP6n7Yywv', '0x3278aee1717645425d9087b9d6d290eed8885c8a', '0xfb1109f2c1ac0a97f22424846b6d41d3d58c4212', 1, 5, 5, '1000000000', '0', '0', NULL, '2020-12-20 09:20:21', '2020-12-22 08:46:14');

--
-- Indexes for dumped tables
--

--
-- Indexes for table `levels`
--
ALTER TABLE `levels`
  ADD PRIMARY KEY (`id`);

--
-- Indexes for table `losts`
--
ALTER TABLE `losts`
  ADD PRIMARY KEY (`id`);

--
-- Indexes for table `transactions`
--
ALTER TABLE `transactions`
  ADD PRIMARY KEY (`id`);

--
-- Indexes for table `users`
--
ALTER TABLE `users`
  ADD PRIMARY KEY (`id`);

--
-- AUTO_INCREMENT for dumped tables
--

--
-- AUTO_INCREMENT for table `levels`
--
ALTER TABLE `levels`
  MODIFY `id` int(11) NOT NULL AUTO_INCREMENT, AUTO_INCREMENT=16;

--
-- AUTO_INCREMENT for table `losts`
--
ALTER TABLE `losts`
  MODIFY `id` int(11) NOT NULL AUTO_INCREMENT, AUTO_INCREMENT=15;

--
-- AUTO_INCREMENT for table `transactions`
--
ALTER TABLE `transactions`
  MODIFY `id` int(11) NOT NULL AUTO_INCREMENT, AUTO_INCREMENT=342;

--
-- AUTO_INCREMENT for table `users`
--
ALTER TABLE `users`
  MODIFY `id` int(11) NOT NULL AUTO_INCREMENT, AUTO_INCREMENT=9;
COMMIT;

/*!40101 SET CHARACTER_SET_CLIENT=@OLD_CHARACTER_SET_CLIENT */;
/*!40101 SET CHARACTER_SET_RESULTS=@OLD_CHARACTER_SET_RESULTS */;
/*!40101 SET COLLATION_CONNECTION=@OLD_COLLATION_CONNECTION */;
